id,name,cost,position,home_team,away_team,kickoff_time,is_home,team_x,team_strength_rank,opponent_strength_rank,opponent_strength_overall,opponent_strength_attack,opponent_strength_defence
127,Aaron Connolly,45,FWD,Brighton,Arsenal,2024-04-06T16:30:00Z,TRUE,Brighton,9,2,1365,1370,1360
530,Aaron Cresswell,42,DEF,Wolves,West Ham,2024-04-06T14:00:00Z,FALSE,West Ham,10,14,1100,1085,1115
104,Aaron Hickey,43,DEF,Aston Villa,Brentford,2024-04-06T14:00:00Z,FALSE,Brentford,13,4,1160,1140,1180
17,Aaron Ramsdale,45,GKP,Brighton,Arsenal,2024-04-06T16:30:00Z,FALSE,Arsenal,2,9,1100,1070,1135
675,Aaron Ramsey,50,MID,Everton,Burnley,2024-04-06T14:00:00Z,FALSE,Burnley,19,15,1095,1125,1065
401,Aaron Wan-Bissaka,44,DEF,Man Utd,Liverpool,2024-04-07T14:30:00Z,TRUE,Man Utd,7,3,1370,1350,1390
190,Abdul Rahman Baba,40,DEF,Sheffield Utd,Chelsea,2024-04-07T16:30:00Z,FALSE,Chelsea,8,20,1030,1045,1020
479,Adam Davies,40,GKP,Sheffield Utd,Chelsea,2024-04-07T16:30:00Z,TRUE,Sheffield Utd,20,8,1190,1150,1230
138,Adam Lallana,49,MID,Brighton,Arsenal,2024-04-06T16:30:00Z,TRUE,Brighton,9,2,1365,1370,1360
84,Adam Smith,44,DEF,Luton,Bournemouth,2024-04-06T14:00:00Z,FALSE,Bournemouth,12,18,1055,1020,1090
153,Adam Webster,42,DEF,Brighton,Arsenal,2024-04-06T16:30:00Z,TRUE,Brighton,9,2,1365,1370,1360
807,Adam Wharton,50,MID,Crystal Palace,Man City,2024-04-06T11:30:00Z,TRUE,Crystal Palace,16,1,1365,1360,1370
720,Ademola Ola-Adebomi,45,FWD,Crystal Palace,Man City,2024-04-06T11:30:00Z,TRUE,Crystal Palace,16,1,1365,1360,1370
327,Admiral Muskwe,45,FWD,Luton,Bournemouth,2024-04-06T14:00:00Z,TRUE,Luton,18,12,1100,1130,1075
648,Aidan Francis-Clarke,40,DEF,Luton,Bournemouth,2024-04-06T14:00:00Z,TRUE,Luton,18,12,1100,1130,1075
21,Albert Sambi Lokonga,49,MID,Luton,Bournemouth,2024-04-06T14:00:00Z,TRUE,Luton,18,12,1100,1130,1075
382,Alejandro Garnacho,49,MID,Man Utd,Liverpool,2024-04-07T14:30:00Z,TRUE,Man Utd,7,3,1370,1350,1390
256,Alex Iwobi,53,MID,Fulham,Newcastle,2024-04-06T14:00:00Z,TRUE,Fulham,11,6,1280,1210,1355
718,Alex Matos,45,MID,Sheffield Utd,Chelsea,2024-04-07T16:30:00Z,FALSE,Chelsea,8,20,1030,1045,1020
456,Alex Mighten,44,MID,Spurs,Nott'm Forest,2024-04-07T17:00:00Z,FALSE,Nott'm Forest,17,5,1170,1110,1230
634,Alex Murphy,39,DEF,Fulham,Newcastle,2024-04-06T14:00:00Z,FALSE,Newcastle,6,11,1055,1050,1060
644,Alex Scott,49,MID,Luton,Bournemouth,2024-04-06T14:00:00Z,FALSE,Bournemouth,12,18,1055,1020,1090
370,Alex Telles,45,DEF,Man Utd,Liverpool,2024-04-07T14:30:00Z,TRUE,Man Utd,7,3,1370,1350,1390
415,Alexander Isak,78,FWD,Fulham,Newcastle,2024-04-06T14:00:00Z,FALSE,Newcastle,6,11,1055,1050,1060
32,Alexandre Moreno Lopera,51,DEF,Aston Villa,Brentford,2024-04-06T14:00:00Z,TRUE,Aston Villa,4,13,1100,1055,1150
304,Alexis Mac Allister,59,MID,Man Utd,Liverpool,2024-04-07T14:30:00Z,FALSE,Liverpool,3,7,1125,1130,1120
740,Alfie Dorrington,40,DEF,Spurs,Nott'm Forest,2024-04-07T17:00:00Z,TRUE,Spurs,5,17,1100,1125,1080
321,Alfie Doughty,46,DEF,Luton,Bournemouth,2024-04-06T14:00:00Z,TRUE,Luton,18,12,1100,1130,1075
716,Alfie Gilchrist,40,DEF,Sheffield Utd,Chelsea,2024-04-07T16:30:00Z,FALSE,Chelsea,8,20,1030,1045,1020
521,Alfie Whiteman,39,GKP,Spurs,Nott'm Forest,2024-04-07T17:00:00Z,TRUE,Spurs,5,17,1100,1125,1080
291,Alisson Ramses Becker,57,GKP,Man Utd,Liverpool,2024-04-07T14:30:00Z,FALSE,Liverpool,3,7,1125,1130,1120
319,Allan Campbell,49,MID,Luton,Bournemouth,2024-04-06T14:00:00Z,TRUE,Luton,18,12,1100,1130,1075
426,Allan Saint-Maximin,60,MID,Fulham,Newcastle,2024-04-06T14:00:00Z,FALSE,Newcastle,6,11,1055,1050,1060
524,Alphonse Areola,42,GKP,Wolves,West Ham,2024-04-06T14:00:00Z,FALSE,West Ham,10,14,1100,1085,1115
695,Altay Bayindir,40,GKP,Man Utd,Liverpool,2024-04-07T14:30:00Z,TRUE,Man Utd,7,3,1370,1350,1390
371,Amad Diallo,44,MID,Man Utd,Liverpool,2024-04-07T14:30:00Z,TRUE,Man Utd,7,3,1370,1350,1390
738,Amadou Diallo,45,MID,Fulham,Newcastle,2024-04-06T14:00:00Z,FALSE,Newcastle,6,11,1055,1050,1060
261,Amadou Onana,47,MID,Everton,Burnley,2024-04-06T14:00:00Z,TRUE,Everton,15,19,1050,1050,1050
316,Amari'i Bell,39,DEF,Luton,Bournemouth,2024-04-06T14:00:00Z,TRUE,Luton,18,12,1100,1130,1075
157,Ameen Al-Dakhil,38,DEF,Everton,Burnley,2024-04-06T14:00:00Z,FALSE,Burnley,19,15,1095,1125,1065
184,Anass Zaroury,46,MID,Everton,Burnley,2024-04-06T14:00:00Z,FALSE,Burnley,19,15,1095,1125,1065
155,Andi Zeqiri,44,FWD,Brighton,Arsenal,2024-04-06T16:30:00Z,TRUE,Brighton,9,2,1365,1370,1360
655,Andre Brooks,44,MID,Sheffield Utd,Chelsea,2024-04-07T16:30:00Z,TRUE,Sheffield Utd,20,8,1190,1150,1230
267,Andreas Hoelgebaum Pereira,53,MID,Fulham,Newcastle,2024-04-06T14:00:00Z,TRUE,Fulham,11,6,1280,1210,1355
711,Andrew Omobamidele,45,DEF,Spurs,Nott'm Forest,2024-04-07T17:00:00Z,FALSE,Nott'm Forest,17,5,1170,1110,1230
307,Andrew Robertson,64,DEF,Man Utd,Liverpool,2024-04-07T14:30:00Z,FALSE,Liverpool,3,7,1125,1130,1120
186,Andrey Nascimento dos Santos,42,MID,Sheffield Utd,Chelsea,2024-04-07T16:30:00Z,FALSE,Chelsea,8,20,1030,1045,1020
727,Andros Townsend,50,MID,Luton,Bournemouth,2024-04-06T14:00:00Z,TRUE,Luton,18,12,1100,1130,1075
579,Andy Lonergan,39,GKP,Everton,Burnley,2024-04-06T14:00:00Z,TRUE,Everton,15,19,1050,1050,1050
577,Angelo Ogbonna,42,DEF,Wolves,West Ham,2024-04-06T14:00:00Z,FALSE,West Ham,10,14,1100,1085,1115
587,Anis Slimane,47,MID,Sheffield Utd,Chelsea,2024-04-07T16:30:00Z,TRUE,Sheffield Utd,20,8,1190,1150,1230
700,Anssumane Fati Vieira,64,MID,Brighton,Arsenal,2024-04-06T16:30:00Z,TRUE,Brighton,9,2,1365,1370,1360
378,Anthony Elanga,51,MID,Spurs,Nott'm Forest,2024-04-07T17:00:00Z,FALSE,Nott'm Forest,17,5,1170,1110,1230
412,Anthony Gordon,60,MID,Fulham,Newcastle,2024-04-06T14:00:00Z,FALSE,Newcastle,6,11,1055,1050,1060
273,Anthony Knockaert,44,MID,Fulham,Newcastle,2024-04-06T14:00:00Z,TRUE,Fulham,11,6,1280,1210,1355
390,Anthony Martial,64,FWD,Man Utd,Liverpool,2024-04-07T14:30:00Z,TRUE,Man Utd,7,3,1370,1350,1390
82,Antoine Semenyo,45,FWD,Luton,Bournemouth,2024-04-06T14:00:00Z,FALSE,Bournemouth,12,18,1055,1020,1090
283,Antonee Robinson,46,DEF,Fulham,Newcastle,2024-04-06T14:00:00Z,TRUE,Fulham,11,6,1280,1210,1355
372,Antony Matheus dos Santos,68,MID,Man Utd,Liverpool,2024-04-07T14:30:00Z,TRUE,Man Utd,7,3,1370,1350,1390
656,Antwoine Hackford,44,FWD,Sheffield Utd,Chelsea,2024-04-07T16:30:00Z,TRUE,Sheffield Utd,20,8,1190,1150,1230
331,Aribim Pepple,45,FWD,Luton,Bournemouth,2024-04-06T14:00:00Z,TRUE,Luton,18,12,1100,1130,1075
172,Arijanet Muric,43,GKP,Everton,Burnley,2024-04-06T14:00:00Z,FALSE,Burnley,19,15,1095,1125,1065
193,Armando Broja,49,FWD,Fulham,Newcastle,2024-04-06T14:00:00Z,TRUE,Fulham,11,6,1280,1210,1355
601,Arnaut Danjuma Groeneveld,52,MID,Everton,Burnley,2024-04-06T14:00:00Z,TRUE,Everton,15,19,1050,1050,1050
702,Ashley Phillips,40,DEF,Spurs,Nott'm Forest,2024-04-07T17:00:00Z,TRUE,Spurs,5,17,1100,1125,1080
588,Ashley Young,44,DEF,Everton,Burnley,2024-04-06T14:00:00Z,TRUE,Everton,15,19,1050,1050,1050
27,Auston Trusty,39,DEF,Sheffield Utd,Chelsea,2024-04-07T16:30:00Z,TRUE,Sheffield Utd,20,8,1190,1150,1230
611,Axel Disasi,49,DEF,Sheffield Utd,Chelsea,2024-04-07T16:30:00Z,FALSE,Chelsea,8,20,1030,1045,1020
831,Axel Piesold,45,MID,Luton,Bournemouth,2024-04-06T14:00:00Z,TRUE,Luton,18,12,1100,1130,1075
357,Aymeric Laporte,49,DEF,Crystal Palace,Man City,2024-04-06T11:30:00Z,FALSE,Man City,1,16,1070,1080,1060
175,Bailey Peacock-Farrell,40,GKP,Everton,Burnley,2024-04-06T14:00:00Z,FALSE,Burnley,19,15,1095,1125,1065
152,Bart Verbruggen,44,GKP,Brighton,Arsenal,2024-04-06T16:30:00Z,TRUE,Brighton,9,2,1365,1370,1360
671,Bashir Humphreys,40,DEF,Sheffield Utd,Chelsea,2024-04-07T16:30:00Z,FALSE,Chelsea,8,20,1030,1045,1020
775,Ben Brereton,50,MID,Sheffield Utd,Chelsea,2024-04-07T16:30:00Z,TRUE,Sheffield Utd,20,8,1190,1150,1230
195,Ben Chilwell,54,DEF,Sheffield Utd,Chelsea,2024-04-07T16:30:00Z,FALSE,Chelsea,8,20,1030,1045,1020
495,Ben Davies,43,DEF,Spurs,Nott'm Forest,2024-04-07T17:00:00Z,TRUE,Spurs,5,17,1100,1125,1080
628,Ben Doak,43,MID,Man Utd,Liverpool,2024-04-07T14:30:00Z,FALSE,Liverpool,3,7,1125,1130,1120
252,Ben Godfrey,43,DEF,Everton,Burnley,2024-04-06T14:00:00Z,TRUE,Everton,15,19,1050,1050,1050
619,Ben Greenwood,40,DEF,Luton,Bournemouth,2024-04-06T14:00:00Z,FALSE,Bournemouth,12,18,1055,1020,1090
746,Ben Jackson,40,DEF,Brighton,Arsenal,2024-04-06T16:30:00Z,TRUE,Brighton,9,2,1365,1370,1360
536,Ben Johnson,44,DEF,Wolves,West Ham,2024-04-06T14:00:00Z,FALSE,West Ham,10,14,1100,1085,1115
109,Ben Mee,48,DEF,Aston Villa,Brentford,2024-04-06T14:00:00Z,FALSE,Brentford,13,4,1160,1140,1180
489,Ben Osborn,48,MID,Sheffield Utd,Chelsea,2024-04-07T16:30:00Z,TRUE,Sheffield Utd,20,8,1190,1150,1230
739,Ben Parkinson,45,FWD,Fulham,Newcastle,2024-04-06T14:00:00Z,FALSE,Newcastle,6,11,1055,1050,1060
79,Ben Pearson,45,MID,Luton,Bournemouth,2024-04-06T14:00:00Z,FALSE,Bournemouth,12,18,1055,1020,1090
742,Benicio Baker-Boaitey,45,MID,Brighton,Arsenal,2024-04-06T16:30:00Z,TRUE,Brighton,9,2,1365,1370,1360
797,Benjamin Fredrick,40,DEF,Aston Villa,Brentford,2024-04-06T14:00:00Z,FALSE,Brentford,13,4,1160,1140,1180
29,Benjamin White,58,DEF,Brighton,Arsenal,2024-04-06T16:30:00Z,FALSE,Arsenal,2,9,1100,1070,1135
344,Bernardo Veiga de Carvalho e Silva,62,MID,Crystal Palace,Man City,2024-04-06T11:30:00Z,FALSE,Man City,1,16,1070,1080,1060
275,Bernd Leno,48,GKP,Fulham,Newcastle,2024-04-06T14:00:00Z,TRUE,Fulham,11,6,1280,1210,1355
822,Billy Blacker,45,FWD,Sheffield Utd,Chelsea,2024-04-07T16:30:00Z,TRUE,Sheffield Utd,20,8,1190,1150,1230
133,Billy Gilmour,48,MID,Brighton,Arsenal,2024-04-06T16:30:00Z,TRUE,Brighton,9,2,1365,1370,1360
627,Bobby Clark,44,MID,Man Utd,Liverpool,2024-04-07T14:30:00Z,FALSE,Liverpool,3,7,1125,1130,1120
270,Bobby De Cordova-Reid,53,MID,Fulham,Newcastle,2024-04-06T14:00:00Z,TRUE,Fulham,11,6,1280,1210,1355
179,Bobby Thomas,40,DEF,Everton,Burnley,2024-04-06T14:00:00Z,FALSE,Burnley,19,15,1095,1125,1065
47,Boubacar Kamara,50,MID,Aston Villa,Brentford,2024-04-06T14:00:00Z,TRUE,Aston Villa,4,13,1100,1055,1150
737,Bradley Ibrahim,45,MID,Brighton,Arsenal,2024-04-06T16:30:00Z,FALSE,Arsenal,2,9,1100,1070,1135
434,Brandon Aguilera Zamora,45,MID,Spurs,Nott'm Forest,2024-04-07T17:00:00Z,FALSE,Nott'm Forest,17,5,1170,1110,1230
491,Brandon Austin,39,GKP,Spurs,Nott'm Forest,2024-04-07T17:00:00Z,TRUE,Spurs,5,17,1100,1125,1080
374,Brandon Williams,40,DEF,Man Utd,Liverpool,2024-04-07T14:30:00Z,TRUE,Man Utd,7,3,1370,1350,1390
450,Brennan Johnson,58,MID,Spurs,Nott'm Forest,2024-04-07T17:00:00Z,TRUE,Spurs,5,17,1100,1125,1080
373,Bruno Borges Fernandes,82,MID,Man Utd,Liverpool,2024-04-07T14:30:00Z,TRUE,Man Utd,7,3,1370,1350,1390
494,Bryan Gil Salvatierra,49,MID,Spurs,Nott'm Forest,2024-04-07T17:00:00Z,TRUE,Spurs,5,17,1100,1125,1080
108,Bryan Mbeumo,67,MID,Aston Villa,Brentford,2024-04-06T14:00:00Z,FALSE,Brentford,13,4,1160,1140,1180
19,Bukayo Saka,90,MID,Brighton,Arsenal,2024-04-06T16:30:00Z,FALSE,Arsenal,2,9,1100,1070,1135
166,CJ Egan-Riley,39,DEF,Everton,Burnley,2024-04-06T14:00:00Z,FALSE,Burnley,19,15,1095,1125,1065
205,Callum Hudson-Odoi,47,MID,Spurs,Nott'm Forest,2024-04-07T17:00:00Z,FALSE,Nott'm Forest,17,5,1170,1110,1230
785,Callum Marshall,45,FWD,Wolves,West Ham,2024-04-06T14:00:00Z,FALSE,West Ham,10,14,1100,1085,1115
728,Callum Scanlon,39,DEF,Man Utd,Liverpool,2024-04-07T14:30:00Z,FALSE,Liverpool,3,7,1125,1130,1120
433,Callum Wilson,78,FWD,Fulham,Newcastle,2024-04-06T14:00:00Z,FALSE,Newcastle,6,11,1055,1050,1060
37,Calum Chambers,38,DEF,Aston Villa,Brentford,2024-04-06T14:00:00Z,TRUE,Aston Villa,4,13,1100,1055,1150
610,Calvin Bassey,44,DEF,Fulham,Newcastle,2024-04-06T14:00:00Z,TRUE,Fulham,11,6,1280,1210,1355
33,Cameron Archer,42,FWD,Sheffield Utd,Chelsea,2024-04-07T16:30:00Z,TRUE,Sheffield Utd,20,8,1190,1150,1230
786,Cameron Peupion,45,MID,Brighton,Arsenal,2024-04-06T16:30:00Z,TRUE,Brighton,9,2,1365,1370,1360
301,Caoimhin Kelleher,39,GKP,Man Utd,Liverpool,2024-04-07T14:30:00Z,FALSE,Liverpool,3,7,1125,1130,1120
690,Carlos Baleba,45,MID,Brighton,Arsenal,2024-04-06T16:30:00Z,TRUE,Brighton,9,2,1365,1370,1360
376,Carlos Henrique Casimiro,53,MID,Man Utd,Liverpool,2024-04-07T14:30:00Z,TRUE,Man Utd,7,3,1370,1350,1390
325,Carlos Mendes Gomes,45,MID,Luton,Bournemouth,2024-04-06T14:00:00Z,TRUE,Luton,18,12,1100,1130,1075
326,Carlton Morris,50,FWD,Luton,Bournemouth,2024-04-06T14:00:00Z,TRUE,Luton,18,12,1100,1130,1075
196,Carney Chukwuemeka,42,MID,Sheffield Utd,Chelsea,2024-04-07T16:30:00Z,FALSE,Chelsea,8,20,1030,1045,1020
340,Cauley Woodrow,43,FWD,Luton,Bournemouth,2024-04-06T14:00:00Z,TRUE,Luton,18,12,1100,1130,1075
791,Cesare Casadei,45,MID,Sheffield Utd,Chelsea,2024-04-07T16:30:00Z,FALSE,Chelsea,8,20,1030,1045,1020
735,Charles Sagoe,45,MID,Brighton,Arsenal,2024-04-06T16:30:00Z,FALSE,Arsenal,2,9,1100,1070,1135
102,Charlie Goode,39,DEF,Aston Villa,Brentford,2024-04-06T14:00:00Z,FALSE,Brentford,13,4,1160,1140,1180
178,Charlie Taylor,39,DEF,Everton,Burnley,2024-04-06T14:00:00Z,FALSE,Burnley,19,15,1095,1125,1065
328,Chiedozie Ogbene,49,FWD,Luton,Bournemouth,2024-04-06T14:00:00Z,TRUE,Luton,18,12,1100,1130,1075
474,Chris Basham,39,DEF,Sheffield Utd,Chelsea,2024-04-07T16:30:00Z,TRUE,Sheffield Utd,20,8,1190,1150,1230
75,Chris Mepham,43,DEF,Luton,Bournemouth,2024-04-06T14:00:00Z,FALSE,Bournemouth,12,18,1055,1020,1090
238,Chris Richards,39,DEF,Crystal Palace,Man City,2024-04-06T11:30:00Z,TRUE,Crystal Palace,16,1,1365,1360,1370
468,Chris Wood,48,FWD,Spurs,Nott'm Forest,2024-04-07T17:00:00Z,FALSE,Nott'm Forest,17,5,1170,1110,1230
379,Christian Eriksen,58,MID,Man Utd,Liverpool,2024-04-07T14:30:00Z,TRUE,Man Utd,7,3,1370,1350,1390
213,Christian Pulisic,55,MID,Sheffield Utd,Chelsea,2024-04-07T16:30:00Z,FALSE,Chelsea,8,20,1030,1045,1020
212,Christopher Nkunku,72,FWD,Sheffield Utd,Chelsea,2024-04-07T16:30:00Z,FALSE,Chelsea,8,20,1030,1045,1020
297,Cody Gakpo,72,FWD,Man Utd,Liverpool,2024-04-07T14:30:00Z,FALSE,Liverpool,3,7,1125,1130,1120
362,Cole Palmer,59,MID,Sheffield Utd,Chelsea,2024-04-07T16:30:00Z,FALSE,Chelsea,8,20,1030,1045,1020
176,Connor Roberts,43,DEF,Everton,Burnley,2024-04-06T14:00:00Z,FALSE,Burnley,19,15,1095,1125,1065
757,Conor Bradley,43,DEF,Man Utd,Liverpool,2024-04-07T14:30:00Z,FALSE,Liverpool,3,7,1125,1130,1120
529,Conor Coventry,43,MID,Wolves,West Ham,2024-04-06T14:00:00Z,FALSE,West Ham,10,14,1100,1085,1115
202,Conor Gallagher,54,MID,Sheffield Utd,Chelsea,2024-04-07T16:30:00Z,FALSE,Chelsea,8,20,1030,1045,1020
551,Craig Dawson,45,DEF,Wolves,West Ham,2024-04-06T14:00:00Z,TRUE,Wolves,14,10,1145,1140,1150
511,Cristian Romero,52,DEF,Spurs,Nott'm Forest,2024-04-07T17:00:00Z,TRUE,Spurs,5,17,1100,1125,1080
300,Curtis Jones,49,MID,Man Utd,Liverpool,2024-04-07T14:30:00Z,FALSE,Liverpool,3,7,1125,1130,1120
798,Daiki Hashioka,40,DEF,Luton,Bournemouth,2024-04-06T14:00:00Z,TRUE,Luton,18,12,1100,1130,1075
407,Dan Burn,44,DEF,Fulham,Newcastle,2024-04-06T14:00:00Z,FALSE,Newcastle,6,11,1055,1050,1060
333,Dan Potts,39,DEF,Luton,Bournemouth,2024-04-06T14:00:00Z,TRUE,Luton,18,12,1100,1130,1075
640,Dane Scarlett,45,FWD,Spurs,Nott'm Forest,2024-04-07T17:00:00Z,TRUE,Spurs,5,17,1100,1125,1080
78,Dango Ouattara,47,MID,Luton,Bournemouth,2024-04-06T14:00:00Z,FALSE,Bournemouth,12,18,1055,1020,1090
546,Daniel Bentley,39,GKP,Wolves,West Ham,2024-04-06T14:00:00Z,TRUE,Wolves,14,10,1145,1140,1150
568,Daniel Castelo Podence,53,MID,Wolves,West Ham,2024-04-06T14:00:00Z,TRUE,Wolves,14,10,1145,1140,1150
685,Daniel Gore,45,MID,Man Utd,Liverpool,2024-04-07T14:30:00Z,TRUE,Man Utd,7,3,1370,1350,1390
483,Daniel Jebbison,48,FWD,Sheffield Utd,Chelsea,2024-04-07T16:30:00Z,TRUE,Sheffield Utd,20,8,1190,1150,1230
442,Danilo dos Santos de Oliveira,53,MID,Spurs,Nott'm Forest,2024-04-07T17:00:00Z,FALSE,Nott'm Forest,17,5,1170,1110,1230
535,Danny Ings,56,FWD,Wolves,West Ham,2024-04-06T14:00:00Z,FALSE,West Ham,10,14,1100,1085,1115
154,Danny Welbeck,57,FWD,Brighton,Arsenal,2024-04-06T16:30:00Z,TRUE,Brighton,9,2,1365,1370,1360
164,Dara Costelloe,45,MID,Everton,Burnley,2024-04-06T14:00:00Z,FALSE,Burnley,19,15,1095,1125,1065
173,Dara O'Shea,44,DEF,Everton,Burnley,2024-04-06T14:00:00Z,FALSE,Burnley,19,15,1095,1125,1065
162,Darko Churlinov,44,MID,Everton,Burnley,2024-04-06T14:00:00Z,FALSE,Burnley,19,15,1095,1125,1065
80,Darren Randolph,40,GKP,Luton,Bournemouth,2024-04-06T14:00:00Z,FALSE,Bournemouth,12,18,1055,1020,1090
64,David Brooks,47,MID,Luton,Bournemouth,2024-04-06T14:00:00Z,FALSE,Bournemouth,12,18,1055,1020,1090
200,David Datro Fofana,50,FWD,Everton,Burnley,2024-04-06T14:00:00Z,FALSE,Burnley,19,15,1095,1125,1065
721,David Ozoh,45,MID,Crystal Palace,Man City,2024-04-06T11:30:00Z,TRUE,Crystal Palace,16,1,1365,1360,1370
113,David Raya Martin,51,GKP,Brighton,Arsenal,2024-04-06T16:30:00Z,FALSE,Arsenal,2,9,1100,1070,1135
385,Dean Henderson,44,GKP,Crystal Palace,Man City,2024-04-06T11:30:00Z,TRUE,Crystal Palace,16,1,1365,1360,1370
540,Declan Rice,55,MID,Brighton,Arsenal,2024-04-06T16:30:00Z,FALSE,Arsenal,2,9,1100,1070,1135
501,Dejan Kulusevski,68,MID,Spurs,Nott'm Forest,2024-04-07T17:00:00Z,TRUE,Spurs,5,17,1100,1125,1080
248,Dele Alli,48,MID,Everton,Burnley,2024-04-06T14:00:00Z,TRUE,Everton,15,19,1050,1050,1050
253,Demarai Gray,53,MID,Everton,Burnley,2024-04-06T14:00:00Z,TRUE,Everton,15,19,1050,1050,1050
169,Denis Franchi,39,GKP,Everton,Burnley,2024-04-06T14:00:00Z,FALSE,Burnley,19,15,1095,1125,1065
149,Deniz Undav,55,FWD,Brighton,Arsenal,2024-04-06T16:30:00Z,TRUE,Brighton,9,2,1365,1370,1360
519,Destiny Udogie,50,DEF,Spurs,Nott'm Forest,2024-04-07T17:00:00Z,TRUE,Spurs,5,17,1100,1125,1080
780,Detlef Esapa Osong,45,FWD,Spurs,Nott'm Forest,2024-04-07T17:00:00Z,FALSE,Nott'm Forest,17,5,1170,1110,1230
732,Devan Tanton,40,DEF,Fulham,Newcastle,2024-04-06T14:00:00Z,TRUE,Fulham,11,6,1280,1210,1355
41,Diego Carlos Santos Silva,44,DEF,Aston Villa,Brentford,2024-04-06T14:00:00Z,TRUE,Aston Villa,4,13,1100,1055,1150
681,Diego Manuel Jadon da Silva Moreira,45,MID,Sheffield Utd,Chelsea,2024-04-07T16:30:00Z,FALSE,Chelsea,8,20,1030,1045,1020
377,Diogo Dalot Teixeira,52,DEF,Man Utd,Liverpool,2024-04-07T14:30:00Z,TRUE,Man Utd,7,3,1370,1350,1390
294,Diogo Teixeira da Silva,80,MID,Man Utd,Liverpool,2024-04-07T14:30:00Z,FALSE,Liverpool,3,7,1125,1130,1120
332,Dion Pereira,44,MID,Luton,Bournemouth,2024-04-06T14:00:00Z,TRUE,Luton,18,12,1100,1130,1075
538,Divin Mubama,41,FWD,Wolves,West Ham,2024-04-06T14:00:00Z,FALSE,West Ham,10,14,1100,1085,1115
714,Divock Origi,50,FWD,Spurs,Nott'm Forest,2024-04-07T17:00:00Z,FALSE,Nott'm Forest,17,5,1170,1110,1230
517,Djed Spence,40,DEF,Spurs,Nott'm Forest,2024-04-07T17:00:00Z,TRUE,Spurs,5,17,1100,1125,1080
246,Dominic Calvert-Lewin,58,FWD,Everton,Burnley,2024-04-06T14:00:00Z,TRUE,Everton,15,19,1050,1050,1050
811,Dominic Sadi,45,MID,Luton,Bournemouth,2024-04-06T14:00:00Z,FALSE,Bournemouth,12,18,1055,1020,1090
85,Dominic Solanke,72,FWD,Luton,Bournemouth,2024-04-06T14:00:00Z,FALSE,Bournemouth,12,18,1055,1020,1090
309,Dominik Szoboszlai,71,MID,Man Utd,Liverpool,2024-04-07T14:30:00Z,FALSE,Liverpool,3,7,1125,1130,1120
400,Donny van de Beek,47,MID,Man Utd,Liverpool,2024-04-07T14:30:00Z,TRUE,Man Utd,7,3,1370,1350,1390
43,Douglas Luiz Soares de Paulo,56,MID,Aston Villa,Brentford,2024-04-06T14:00:00Z,TRUE,Aston Villa,4,13,1100,1055,1150
827,Dovydas Sasnauskas,40,DEF,Sheffield Utd,Chelsea,2024-04-07T16:30:00Z,TRUE,Sheffield Utd,20,8,1190,1150,1230
259,Dwight McNeil,54,MID,Everton,Burnley,2024-04-06T14:00:00Z,TRUE,Everton,15,19,1050,1050,1050
226,Eberechi Eze,60,MID,Crystal Palace,Man City,2024-04-06T11:30:00Z,TRUE,Crystal Palace,16,1,1365,1360,1370
680,Eddie Beach,40,GKP,Sheffield Utd,Chelsea,2024-04-07T16:30:00Z,FALSE,Chelsea,8,20,1030,1045,1020
13,Eddie Nketiah,51,FWD,Brighton,Arsenal,2024-04-06T16:30:00Z,FALSE,Arsenal,2,9,1100,1070,1135
352,Ederson Santana de Moraes,55,GKP,Crystal Palace,Man City,2024-04-06T11:30:00Z,FALSE,Man City,1,16,1070,1080,1060
314,Elijah Adebayo,48,FWD,Luton,Bournemouth,2024-04-06T14:00:00Z,TRUE,Luton,18,12,1100,1130,1075
761,Elijah Campbell,40,DEF,Everton,Burnley,2024-04-06T14:00:00Z,TRUE,Everton,15,19,1050,1050,1050
91,Ellery Balcombe,39,GKP,Aston Villa,Brentford,2024-04-06T14:00:00Z,FALSE,Brentford,13,4,1160,1140,1180
403,Elliot Anderson,42,MID,Fulham,Newcastle,2024-04-06T14:00:00Z,FALSE,Newcastle,6,11,1055,1050,1060
337,Elliot Thorpe,45,MID,Luton,Bournemouth,2024-04-06T14:00:00Z,TRUE,Luton,18,12,1100,1130,1075
264,Ellis Simms,45,FWD,Everton,Burnley,2024-04-06T14:00:00Z,TRUE,Everton,15,19,1050,1050,1050
497,Emerson Leite de Souza Junior,43,DEF,Spurs,Nott'm Forest,2024-04-07T17:00:00Z,TRUE,Spurs,5,17,1100,1125,1080
532,Emerson Palmieri dos Santos,44,DEF,Wolves,West Ham,2024-04-06T14:00:00Z,FALSE,West Ham,10,14,1100,1085,1115
417,Emil Krafth,44,DEF,Fulham,Newcastle,2024-04-06T14:00:00Z,FALSE,Newcastle,6,11,1055,1050,1060
22,Emile Smith Rowe,53,MID,Brighton,Arsenal,2024-04-06T16:30:00Z,FALSE,Arsenal,2,9,1100,1070,1135
74,Emiliano Marcondes,43,MID,Luton,Bournemouth,2024-04-06T14:00:00Z,FALSE,Bournemouth,12,18,1055,1020,1090
443,Emmanuel Dennis,48,FWD,Spurs,Nott'm Forest,2024-04-07T17:00:00Z,FALSE,Nott'm Forest,17,5,1170,1110,1230
156,Enock Agyei,42,MID,Everton,Burnley,2024-04-06T14:00:00Z,FALSE,Burnley,19,15,1095,1125,1065
375,Eric Bailly,40,DEF,Man Utd,Liverpool,2024-04-07T14:30:00Z,TRUE,Man Utd,7,3,1370,1350,1390
496,Eric Dier,42,DEF,Spurs,Nott'm Forest,2024-04-07T17:00:00Z,TRUE,Spurs,5,17,1100,1125,1080
355,Erling Haaland,143,FWD,Crystal Palace,Man City,2024-04-06T11:30:00Z,FALSE,Man City,1,16,1070,1080,1060
185,Ethan Ampadu,40,DEF,Sheffield Utd,Chelsea,2024-04-07T16:30:00Z,FALSE,Chelsea,8,20,1030,1045,1020
684,Ethan Brierley,45,MID,Aston Villa,Brentford,2024-04-06T14:00:00Z,FALSE,Brentford,13,4,1160,1140,1180
449,Ethan Horvath,43,GKP,Spurs,Nott'm Forest,2024-04-07T17:00:00Z,FALSE,Nott'm Forest,17,5,1170,1110,1230
772,Ethan Nwaneri,45,MID,Brighton,Arsenal,2024-04-06T16:30:00Z,FALSE,Arsenal,2,9,1100,1070,1135
112,Ethan Pinnock,45,DEF,Aston Villa,Brentford,2024-04-06T14:00:00Z,FALSE,Brentford,13,4,1160,1140,1180
132,Evan Ferguson,57,FWD,Brighton,Arsenal,2024-04-06T16:30:00Z,TRUE,Brighton,9,2,1365,1370,1360
48,Ezri Konsa Ngoyo,45,DEF,Aston Villa,Brentford,2024-04-06T14:00:00Z,TRUE,Aston Villa,4,13,1100,1055,1150
813,Fabian Mrozek,40,GKP,Man Utd,Liverpool,2024-04-07T14:30:00Z,FALSE,Liverpool,3,7,1125,1130,1120
296,Fabio Henrique Tavares,50,MID,Man Utd,Liverpool,2024-04-07T14:30:00Z,FALSE,Liverpool,3,7,1125,1130,1120
125,Facundo Buonanotte,47,MID,Brighton,Arsenal,2024-04-06T16:30:00Z,TRUE,Brighton,9,2,1365,1370,1360
394,Facundo Pellistri Rebollo,42,MID,Man Utd,Liverpool,2024-04-07T14:30:00Z,TRUE,Man Utd,7,3,1370,1350,1390
445,Felipe Augusto de Almeida Monteiro,44,DEF,Spurs,Nott'm Forest,2024-04-07T17:00:00Z,FALSE,Nott'm Forest,17,5,1170,1110,1230
653,Femi Seriki,39,DEF,Sheffield Utd,Chelsea,2024-04-07T16:30:00Z,TRUE,Sheffield Utd,20,8,1190,1150,1230
670,Filip Marschall,40,GKP,Aston Villa,Brentford,2024-04-06T14:00:00Z,TRUE,Aston Villa,4,13,1100,1055,1150
531,Flynn Downes,50,MID,Wolves,West Ham,2024-04-06T14:00:00Z,FALSE,West Ham,10,14,1100,1085,1115
1,Folarin Balogun,44,FWD,Brighton,Arsenal,2024-04-06T16:30:00Z,FALSE,Arsenal,2,9,1100,1070,1135
821,Franco Umeh-Chibueze,45,FWD,Crystal Palace,Man City,2024-04-06T11:30:00Z,TRUE,Crystal Palace,16,1,1365,1360,1370
111,Frank Onyeka,49,MID,Aston Villa,Brentford,2024-04-06T14:00:00Z,FALSE,Brentford,13,4,1160,1140,1180
498,Fraser Forster,38,GKP,Spurs,Nott'm Forest,2024-04-07T17:00:00Z,TRUE,Spurs,5,17,1100,1125,1080
329,Fred Onyedinma,50,MID,Luton,Bournemouth,2024-04-06T14:00:00Z,TRUE,Luton,18,12,1100,1130,1075
381,Frederico Rodrigues de Paula Santos,50,MID,Man Utd,Liverpool,2024-04-07T14:30:00Z,TRUE,Man Utd,7,3,1370,1350,1390
8,Gabriel Fernando de Jesus,77,FWD,Brighton,Arsenal,2024-04-06T16:30:00Z,FALSE,Arsenal,2,9,1100,1070,1135
12,Gabriel Martinelli Silva,76,MID,Brighton,Arsenal,2024-04-06T16:30:00Z,FALSE,Arsenal,2,9,1100,1070,1135
330,Gabriel Osho,44,DEF,Luton,Bournemouth,2024-04-06T14:00:00Z,TRUE,Luton,18,12,1100,1130,1075
418,Garang Kuol,45,MID,Fulham,Newcastle,2024-04-06T14:00:00Z,FALSE,Newcastle,6,11,1055,1050,1060
71,Gavin Kilkenny,43,MID,Luton,Bournemouth,2024-04-06T14:00:00Z,FALSE,Bournemouth,12,18,1055,1020,1090
473,George Baldock,38,DEF,Sheffield Utd,Chelsea,2024-04-07T16:30:00Z,TRUE,Sheffield Utd,20,8,1190,1150,1230
829,George Earthy,45,MID,Wolves,West Ham,2024-04-06T14:00:00Z,FALSE,West Ham,10,14,1100,1085,1115
636,George Shelvey,39,GKP,Spurs,Nott'm Forest,2024-04-07T17:00:00Z,FALSE,Nott'm Forest,17,5,1170,1110,1230
541,Gianluca Scamacca,60,FWD,Wolves,West Ham,2024-04-06T14:00:00Z,FALSE,West Ham,10,14,1100,1085,1115
503,Giovani Lo Celso,48,MID,Spurs,Nott'm Forest,2024-04-07T17:00:00Z,TRUE,Spurs,5,17,1100,1125,1080
801,Giovanni Reyna,47,MID,Spurs,Nott'm Forest,2024-04-07T17:00:00Z,FALSE,Nott'm Forest,17,5,1170,1110,1230
438,Giulian Biancone,39,DEF,Spurs,Nott'm Forest,2024-04-07T17:00:00Z,FALSE,Nott'm Forest,17,5,1170,1110,1230
334,Glen Rea,44,MID,Luton,Bournemouth,2024-04-06T14:00:00Z,TRUE,Luton,18,12,1100,1130,1075
679,Gonzalo Montiel,44,DEF,Spurs,Nott'm Forest,2024-04-07T17:00:00Z,FALSE,Nott'm Forest,17,5,1170,1110,1230
30,Granit Xhaka,60,MID,Brighton,Arsenal,2024-04-06T16:30:00Z,FALSE,Arsenal,2,9,1100,1070,1135
520,Guglielmo Vicario,53,GKP,Spurs,Nott'm Forest,2024-04-07T17:00:00Z,TRUE,Spurs,5,17,1100,1125,1080
663,Gustavo Hamer,49,MID,Sheffield Utd,Chelsea,2024-04-07T16:30:00Z,TRUE,Sheffield Utd,20,8,1190,1150,1230
462,Gustavo Henrique Furtado Scarpa,45,MID,Spurs,Nott'm Forest,2024-04-07T17:00:00Z,FALSE,Nott'm Forest,17,5,1170,1110,1230
833,Habeeb Ogunneye,40,DEF,Man Utd,Liverpool,2024-04-07T14:30:00Z,TRUE,Man Utd,7,3,1370,1350,1390
218,Hakim Ziyech,54,MID,Sheffield Utd,Chelsea,2024-04-07T16:30:00Z,FALSE,Chelsea,8,20,1030,1045,1020
694,Han-Noah Massengo,49,MID,Everton,Burnley,2024-04-06T14:00:00Z,FALSE,Burnley,19,15,1095,1125,1065
674,Hannes Delcroix,40,DEF,Everton,Burnley,2024-04-06T14:00:00Z,FALSE,Burnley,19,15,1095,1125,1065
383,Hannibal Mejbri,43,MID,Man Utd,Liverpool,2024-04-07T14:30:00Z,TRUE,Man Utd,7,3,1370,1350,1390
404,Harrison Ashby,40,DEF,Fulham,Newcastle,2024-04-06T14:00:00Z,FALSE,Newcastle,6,11,1055,1050,1060
282,Harrison Reed,44,MID,Fulham,Newcastle,2024-04-06T14:00:00Z,TRUE,Fulham,11,6,1280,1210,1355
435,Harry Arter,43,MID,Spurs,Nott'm Forest,2024-04-07T17:00:00Z,FALSE,Nott'm Forest,17,5,1170,1110,1230
500,Harry Kane,125,FWD,Spurs,Nott'm Forest,2024-04-07T17:00:00Z,TRUE,Spurs,5,17,1100,1125,1080
387,Harry Maguire,42,DEF,Man Utd,Liverpool,2024-04-07T14:30:00Z,TRUE,Man Utd,7,3,1370,1350,1390
465,Harry Toffolo,44,DEF,Spurs,Nott'm Forest,2024-04-07T17:00:00Z,FALSE,Nott'm Forest,17,5,1170,1110,1230
288,Harry Wilson,53,MID,Fulham,Newcastle,2024-04-06T14:00:00Z,TRUE,Fulham,11,6,1280,1210,1355
603,Harvey Barnes,62,MID,Fulham,Newcastle,2024-04-06T14:00:00Z,FALSE,Newcastle,6,11,1055,1050,1060
295,Harvey Elliott,48,MID,Man Utd,Liverpool,2024-04-07T14:30:00Z,FALSE,Liverpool,3,7,1125,1130,1120
787,Harvey Griffiths,45,MID,Wolves,West Ham,2024-04-06T14:00:00Z,TRUE,Wolves,14,10,1145,1140,1150
167,Hjalmar Ekdal,39,DEF,Everton,Burnley,2024-04-06T14:00:00Z,FALSE,Burnley,19,15,1095,1125,1065
502,Hugo Lloris,47,GKP,Spurs,Nott'm Forest,2024-04-07T17:00:00Z,TRUE,Spurs,5,17,1100,1125,1080
557,Hwang Hee-chan,54,MID,Wolves,West Ham,2024-04-06T14:00:00Z,TRUE,Wolves,14,10,1145,1140,1150
466,Hwang Ui-jo,44,FWD,Spurs,Nott'm Forest,2024-04-07T17:00:00Z,FALSE,Nott'm Forest,17,5,1170,1110,1230
609,Ian Maatsen,51,MID,Sheffield Utd,Chelsea,2024-04-07T16:30:00Z,FALSE,Chelsea,8,20,1030,1045,1020
254,Idrissa Gueye,48,MID,Everton,Burnley,2024-04-06T14:00:00Z,TRUE,Everton,15,19,1050,1050,1050
606,Igor Julio dos Santos de Paulo,43,DEF,Brighton,Arsenal,2024-04-06T16:30:00Z,TRUE,Brighton,9,2,1365,1370,1360
486,Iliman Ndiaye,55,FWD,Sheffield Utd,Chelsea,2024-04-07T16:30:00Z,TRUE,Sheffield Utd,20,8,1190,1150,1230
89,Illia Zabarnyi,45,DEF,Luton,Bournemouth,2024-04-06T14:00:00Z,FALSE,Bournemouth,12,18,1055,1020,1090
413,Isaac Hayden,44,MID,Fulham,Newcastle,2024-04-06T14:00:00Z,FALSE,Newcastle,6,11,1055,1050,1060
478,Ismaila Coulibaly,44,MID,Sheffield Utd,Chelsea,2024-04-07T16:30:00Z,TRUE,Sheffield Utd,20,8,1190,1150,1230
271,Issa Diop,44,DEF,Fulham,Newcastle,2024-04-06T14:00:00Z,TRUE,Fulham,11,6,1280,1210,1355
269,Ivan Neves Abreu Cavaleiro,50,MID,Fulham,Newcastle,2024-04-06T14:00:00Z,TRUE,Fulham,11,6,1280,1210,1355
117,Ivan Toney,81,FWD,Aston Villa,Brentford,2024-04-06T14:00:00Z,FALSE,Brentford,13,4,1160,1140,1180
790,Ivo Grbic,45,GKP,Sheffield Utd,Chelsea,2024-04-07T16:30:00Z,TRUE,Sheffield Utd,20,8,1190,1150,1230
163,Jack Cork,48,MID,Everton,Burnley,2024-04-06T14:00:00Z,FALSE,Burnley,19,15,1095,1125,1065
354,Jack Grealish,72,MID,Crystal Palace,Man City,2024-04-06T11:30:00Z,FALSE,Man City,1,16,1070,1080,1060
661,Jack Harrison,55,MID,Everton,Burnley,2024-04-06T14:00:00Z,TRUE,Everton,15,19,1050,1050,1050
621,Jack Hinshelwood,45,MID,Brighton,Arsenal,2024-04-06T16:30:00Z,TRUE,Brighton,9,2,1365,1370,1360
576,Jack Robinson,43,DEF,Sheffield Utd,Chelsea,2024-04-07T16:30:00Z,TRUE,Sheffield Utd,20,8,1190,1150,1230
338,Jack Walton,40,GKP,Luton,Bournemouth,2024-04-06T14:00:00Z,TRUE,Luton,18,12,1100,1130,1075
631,Jacob Brown,49,FWD,Luton,Bournemouth,2024-04-06T14:00:00Z,TRUE,Luton,18,12,1100,1130,1075
608,Jacob Bruun Larsen,48,MID,Everton,Burnley,2024-04-06T14:00:00Z,FALSE,Burnley,19,15,1095,1125,1065
423,Jacob Murphy,48,MID,Fulham,Newcastle,2024-04-06T14:00:00Z,FALSE,Newcastle,6,11,1055,1050,1060
55,Jacob Ramsey,59,MID,Aston Villa,Brentford,2024-04-06T14:00:00Z,TRUE,Aston Villa,4,13,1100,1055,1150
814,Jacob Wright,45,MID,Crystal Palace,Man City,2024-04-06T11:30:00Z,FALSE,Man City,1,16,1070,1080,1060
724,Jadan Raymond,45,MID,Crystal Palace,Man City,2024-04-06T11:30:00Z,TRUE,Crystal Palace,16,1,1365,1360,1370
54,Jaden Philogene-Bidace,45,MID,Aston Villa,Brentford,2024-04-06T14:00:00Z,TRUE,Aston Villa,4,13,1100,1055,1150
397,Jadon Sancho,67,MID,Man Utd,Liverpool,2024-04-07T14:30:00Z,TRUE,Man Utd,7,3,1370,1350,1390
62,Jaidon Anthony,49,MID,Luton,Bournemouth,2024-04-06T14:00:00Z,FALSE,Bournemouth,12,18,1055,1020,1090
239,Jairo Riedewald,43,MID,Crystal Palace,Man City,2024-04-06T11:30:00Z,TRUE,Crystal Palace,16,1,1365,1360,1370
235,Jake O'Brien,40,DEF,Crystal Palace,Man City,2024-04-06T11:30:00Z,TRUE,Crystal Palace,16,1,1365,1360,1370
10,Jakub Kiwior,44,DEF,Brighton,Arsenal,2024-04-06T16:30:00Z,FALSE,Arsenal,2,9,1100,1070,1135
144,Jakub Moder,44,MID,Brighton,Arsenal,2024-04-06T16:30:00Z,TRUE,Brighton,9,2,1365,1370,1360
419,Jamaal Lascelles,39,DEF,Fulham,Newcastle,2024-04-06T14:00:00Z,FALSE,Newcastle,6,11,1055,1050,1060
420,Jamal Lewis,40,DEF,Fulham,Newcastle,2024-04-06T14:00:00Z,FALSE,Newcastle,6,11,1055,1050,1060
73,Jamal Lowe,49,MID,Luton,Bournemouth,2024-04-06T14:00:00Z,FALSE,Bournemouth,12,18,1055,1020,1090
250,James Garner,49,MID,Everton,Burnley,2024-04-06T14:00:00Z,TRUE,Everton,15,19,1050,1050,1050
69,James Hill,40,DEF,Luton,Bournemouth,2024-04-06T14:00:00Z,FALSE,Bournemouth,12,18,1055,1020,1090
504,James Maddison,80,MID,Spurs,Nott'm Forest,2024-04-07T17:00:00Z,TRUE,Spurs,5,17,1100,1125,1080
360,James McAtee,44,MID,Sheffield Utd,Chelsea,2024-04-07T16:30:00Z,TRUE,Sheffield Utd,20,8,1190,1150,1230
629,James McConnell,44,MID,Man Utd,Liverpool,2024-04-07T14:30:00Z,FALSE,Liverpool,3,7,1125,1130,1120
142,James Milner,48,MID,Brighton,Arsenal,2024-04-06T16:30:00Z,TRUE,Brighton,9,2,1365,1370,1360
335,James Shea,42,GKP,Luton,Bournemouth,2024-04-06T14:00:00Z,TRUE,Luton,18,12,1100,1130,1075
817,James Sweet,40,DEF,Brighton,Arsenal,2024-04-06T16:30:00Z,FALSE,Arsenal,2,9,1100,1070,1135
265,James Tarkowski,46,DEF,Everton,Burnley,2024-04-06T14:00:00Z,TRUE,Everton,15,19,1050,1050,1050
241,James Tomkins,40,DEF,Crystal Palace,Man City,2024-04-06T11:30:00Z,TRUE,Crystal Palace,16,1,1365,1360,1370
596,James Trafford,45,GKP,Everton,Burnley,2024-04-06T14:00:00Z,FALSE,Burnley,19,15,1095,1125,1065
664,James Ward-Prowse,58,MID,Wolves,West Ham,2024-04-06T14:00:00Z,FALSE,West Ham,10,14,1100,1085,1115
778,James Wright,40,GKP,Aston Villa,Brentford,2024-04-06T14:00:00Z,TRUE,Aston Villa,4,13,1100,1055,1150
722,Jamie Donley,45,FWD,Spurs,Nott'm Forest,2024-04-07T17:00:00Z,TRUE,Spurs,5,17,1100,1125,1080
779,Jamie McDonnell,45,MID,Spurs,Nott'm Forest,2024-04-07T17:00:00Z,FALSE,Nott'm Forest,17,5,1170,1110,1230
150,Jan Paul van Hecke,41,DEF,Brighton,Arsenal,2024-04-06T16:30:00Z,TRUE,Brighton,9,2,1365,1370,1360
518,Japhet Tanganga,40,DEF,Spurs,Nott'm Forest,2024-04-07T17:00:00Z,TRUE,Spurs,5,17,1100,1125,1080
626,Jarell Quansah,40,DEF,Man Utd,Liverpool,2024-04-07T14:30:00Z,FALSE,Liverpool,3,7,1125,1130,1120
245,Jarrad Branthwaite,42,DEF,Everton,Burnley,2024-04-06T14:00:00Z,TRUE,Everton,15,19,1050,1050,1050
526,Jarrod Bowen,79,MID,Wolves,West Ham,2024-04-06T14:00:00Z,FALSE,West Ham,10,14,1100,1085,1115
148,Jason Steele,41,GKP,Brighton,Arsenal,2024-04-06T16:30:00Z,TRUE,Brighton,9,2,1365,1370,1360
177,Jay Rodriguez,53,FWD,Everton,Burnley,2024-04-06T14:00:00Z,FALSE,Burnley,19,15,1095,1125,1065
651,Jay Stansfield,45,FWD,Fulham,Newcastle,2024-04-06T14:00:00Z,TRUE,Fulham,11,6,1280,1210,1355
476,Jayden Bogle,45,DEF,Sheffield Utd,Chelsea,2024-04-07T16:30:00Z,TRUE,Sheffield Utd,20,8,1190,1150,1230
824,Jayden Danns,43,FWD,Man Utd,Liverpool,2024-04-07T14:30:00Z,FALSE,Liverpool,3,7,1125,1130,1120
729,Jayden Luker,45,MID,Luton,Bournemouth,2024-04-06T14:00:00Z,TRUE,Luton,18,12,1100,1130,1075
251,Jean-Philippe Gbamin,44,MID,Everton,Burnley,2024-04-06T14:00:00Z,TRUE,Everton,15,19,1050,1050,1050
232,Jean-Philippe Mateta,49,FWD,Crystal Palace,Man City,2024-04-06T11:30:00Z,TRUE,Crystal Palace,16,1,1365,1360,1370
715,Jean-Ricner Bellegarde,49,MID,Wolves,West Ham,2024-04-06T14:00:00Z,TRUE,Wolves,14,10,1145,1140,1150
414,Jeff Hendrick,44,MID,Fulham,Newcastle,2024-04-06T14:00:00Z,FALSE,Newcastle,6,11,1055,1050,1060
240,Jeffrey Schlupp,48,MID,Crystal Palace,Man City,2024-04-06T11:30:00Z,TRUE,Crystal Palace,16,1,1365,1360,1370
760,Jenson Metcalfe,45,MID,Everton,Burnley,2024-04-06T14:00:00Z,TRUE,Everton,15,19,1050,1050,1050
146,Jeremy Sarmiento Morante,45,MID,Brighton,Arsenal,2024-04-06T16:30:00Z,TRUE,Brighton,9,2,1365,1370,1360
657,Jesurun Rak-Sakyi,45,MID,Crystal Palace,Man City,2024-04-06T11:30:00Z,TRUE,Crystal Palace,16,1,1365,1360,1370
725,Ji-Soo Kim,40,DEF,Aston Villa,Brentford,2024-04-06T14:00:00Z,FALSE,Brentford,13,4,1160,1140,1180
731,Jili Buyabu,40,DEF,Sheffield Utd,Chelsea,2024-04-07T16:30:00Z,TRUE,Sheffield Utd,20,8,1190,1150,1230
830,Jimi Tauriainen,45,MID,Sheffield Utd,Chelsea,2024-04-07T16:30:00Z,FALSE,Chelsea,8,20,1030,1045,1020
220,Joachim Andersen,47,DEF,Crystal Palace,Man City,2024-04-06T11:30:00Z,TRUE,Crystal Palace,16,1,1365,1360,1370
781,Joe Gardner,45,FWD,Spurs,Nott'm Forest,2024-04-07T17:00:00Z,FALSE,Nott'm Forest,17,5,1170,1110,1230
818,Joe Gauci,39,GKP,Aston Villa,Brentford,2024-04-06T14:00:00Z,TRUE,Aston Villa,4,13,1100,1055,1150
298,Joe Gomez,46,DEF,Man Utd,Liverpool,2024-04-07T14:30:00Z,FALSE,Liverpool,3,7,1125,1130,1120
555,Joe Hodge,44,MID,Wolves,West Ham,2024-04-06T14:00:00Z,TRUE,Wolves,14,10,1145,1140,1150
748,Joe Hugill,45,FWD,Man Utd,Liverpool,2024-04-07T14:30:00Z,TRUE,Man Utd,7,3,1370,1350,1390
510,Joe Rodon,40,DEF,Spurs,Nott'm Forest,2024-04-07T17:00:00Z,TRUE,Spurs,5,17,1100,1125,1080
81,Joe Rothwell,48,MID,Luton,Bournemouth,2024-04-06T14:00:00Z,FALSE,Bournemouth,12,18,1055,1020,1090
336,Joe Taylor,45,FWD,Luton,Bournemouth,2024-04-06T14:00:00Z,TRUE,Luton,18,12,1100,1130,1075
794,Joe White,45,MID,Fulham,Newcastle,2024-04-06T14:00:00Z,FALSE,Newcastle,6,11,1055,1050,1060
243,Joe Whitworth,39,GKP,Crystal Palace,Man City,2024-04-06T11:30:00Z,TRUE,Crystal Palace,16,1,1365,1360,1370
432,Joe Willock,53,MID,Fulham,Newcastle,2024-04-06T14:00:00Z,FALSE,Newcastle,6,11,1055,1050,1060
469,Joe Worrall,43,DEF,Spurs,Nott'm Forest,2024-04-07T17:00:00Z,FALSE,Nott'm Forest,17,5,1170,1110,1230
305,Joel Matip,48,DEF,Man Utd,Liverpool,2024-04-07T14:30:00Z,FALSE,Liverpool,3,7,1125,1130,1120
242,Joel Ward,45,DEF,Crystal Palace,Man City,2024-04-06T11:30:00Z,TRUE,Crystal Palace,16,1,1365,1360,1370
480,John Egan,42,DEF,Sheffield Utd,Chelsea,2024-04-07T16:30:00Z,TRUE,Sheffield Utd,20,8,1190,1150,1230
481,John Fleck,49,MID,Sheffield Utd,Chelsea,2024-04-07T16:30:00Z,TRUE,Sheffield Utd,20,8,1190,1150,1230
324,John McAtee,45,FWD,Luton,Bournemouth,2024-04-06T14:00:00Z,TRUE,Luton,18,12,1100,1130,1075
50,John McGinn,53,MID,Aston Villa,Brentford,2024-04-06T14:00:00Z,TRUE,Aston Villa,4,13,1100,1055,1150
368,John Stones,53,DEF,Crystal Palace,Man City,2024-04-06T11:30:00Z,FALSE,Man City,1,16,1070,1080,1060
658,John-Kymani Gordon,45,FWD,Crystal Palace,Man City,2024-04-06T11:30:00Z,TRUE,Crystal Palace,16,1,1365,1360,1370
560,Jonathan Castro Otto,43,DEF,Wolves,West Ham,2024-04-06T14:00:00Z,TRUE,Wolves,14,10,1145,1140,1150
460,Jonathan Panzo,40,DEF,Spurs,Nott'm Forest,2024-04-07T17:00:00Z,FALSE,Nott'm Forest,17,5,1170,1110,1230
463,Jonjo Shelvey,48,MID,Spurs,Nott'm Forest,2024-04-07T17:00:00Z,FALSE,Nott'm Forest,17,5,1170,1110,1230
703,Jonny Evans,40,DEF,Man Utd,Liverpool,2024-04-07T14:30:00Z,TRUE,Man Utd,7,3,1370,1350,1390
472,Jordan Amissah,39,GKP,Sheffield Utd,Chelsea,2024-04-07T16:30:00Z,TRUE,Sheffield Utd,20,8,1190,1150,1230
221,Jordan Ayew,54,MID,Crystal Palace,Man City,2024-04-06T11:30:00Z,TRUE,Crystal Palace,16,1,1365,1360,1370
160,Jordan Beyer,39,DEF,Everton,Burnley,2024-04-06T14:00:00Z,FALSE,Burnley,19,15,1095,1125,1065
320,Jordan Clark,48,MID,Luton,Bournemouth,2024-04-06T14:00:00Z,TRUE,Luton,18,12,1100,1130,1075
299,Jordan Henderson,50,MID,Man Utd,Liverpool,2024-04-07T14:30:00Z,FALSE,Liverpool,3,7,1125,1130,1120
263,Jordan Pickford,46,GKP,Everton,Burnley,2024-04-06T14:00:00Z,TRUE,Everton,15,19,1050,1050,1050
9,Jorge Luiz Frello Filho,53,MID,Brighton,Arsenal,2024-04-06T16:30:00Z,FALSE,Arsenal,2,9,1100,1070,1135
647,Joseph Anang,40,GKP,Wolves,West Ham,2024-04-06T14:00:00Z,FALSE,West Ham,10,14,1100,1085,1115
682,Joseph Johnson,40,DEF,Luton,Bournemouth,2024-04-06T14:00:00Z,TRUE,Luton,18,12,1100,1130,1075
440,Josh Bowler,45,MID,Spurs,Nott'm Forest,2024-04-07T17:00:00Z,FALSE,Nott'm Forest,17,5,1170,1110,1230
723,Josh Brooking,40,DEF,Sheffield Utd,Chelsea,2024-04-07T16:30:00Z,FALSE,Chelsea,8,20,1030,1045,1020
161,Josh Brownhill,47,MID,Everton,Burnley,2024-04-06T14:00:00Z,FALSE,Burnley,19,15,1095,1125,1065
165,Josh Cullen,50,MID,Everton,Burnley,2024-04-06T14:00:00Z,FALSE,Burnley,19,15,1095,1125,1065
99,Josh Dasilva,47,MID,Aston Villa,Brentford,2024-04-06T14:00:00Z,FALSE,Brentford,13,4,1160,1140,1180
637,Josh Powell,39,DEF,Spurs,Nott'm Forest,2024-04-07T17:00:00Z,FALSE,Nott'm Forest,17,5,1170,1110,1230
747,Joshua Duffus,44,MID,Brighton,Arsenal,2024-04-06T16:30:00Z,TRUE,Brighton,9,2,1365,1370,1360
810,Joshua King,45,MID,Fulham,Newcastle,2024-04-06T14:00:00Z,TRUE,Fulham,11,6,1280,1210,1355
130,Julio Enciso,50,MID,Brighton,Arsenal,2024-04-06T16:30:00Z,TRUE,Brighton,9,2,1365,1370,1360
751,Justin Hubner,40,DEF,Wolves,West Ham,2024-04-06T14:00:00Z,TRUE,Wolves,14,10,1145,1140,1150
72,Justin Kluivert,46,MID,Luton,Bournemouth,2024-04-06T14:00:00Z,FALSE,Bournemouth,12,18,1055,1020,1090
825,Kaden Rodney,45,MID,Crystal Palace,Man City,2024-04-06T11:30:00Z,TRUE,Crystal Palace,16,1,1365,1360,1370
774,Kaelan Casey,40,DEF,Wolves,West Ham,2024-04-06T14:00:00Z,FALSE,West Ham,10,14,1100,1085,1115
6,Kai Havertz,72,MID,Brighton,Arsenal,2024-04-06T16:30:00Z,FALSE,Arsenal,2,9,1100,1070,1135
783,Kaide Gordon,45,MID,Man Utd,Liverpool,2024-04-07T14:30:00Z,FALSE,Liverpool,3,7,1125,1130,1120
793,Kaine Kesler-Hayden,40,DEF,Aston Villa,Brentford,2024-04-06T14:00:00Z,TRUE,Aston Villa,4,13,1100,1055,1150
364,Kalvin Phillips,47,MID,Wolves,West Ham,2024-04-06T14:00:00Z,FALSE,West Ham,10,14,1100,1085,1115
143,Kaoru Mitoma,64,MID,Brighton,Arsenal,2024-04-06T16:30:00Z,TRUE,Brighton,9,2,1365,1370,1360
408,Karl Darlow,40,GKP,Fulham,Newcastle,2024-04-06T14:00:00Z,FALSE,Newcastle,6,11,1055,1050,1060
646,Karl Hein,40,GKP,Brighton,Arsenal,2024-04-06T16:30:00Z,FALSE,Arsenal,2,9,1100,1070,1135
107,Keane Lewis-Potter,47,MID,Aston Villa,Brentford,2024-04-06T14:00:00Z,FALSE,Brentford,13,4,1160,1140,1180
39,Keinan Davis,49,FWD,Aston Villa,Brentford,2024-04-06T14:00:00Z,TRUE,Aston Villa,4,13,1100,1055,1150
431,Kell Watts,40,DEF,Fulham,Newcastle,2024-04-06T14:00:00Z,FALSE,Newcastle,6,11,1055,1050,1060
285,Kenny Tete,44,DEF,Fulham,Newcastle,2024-04-06T14:00:00Z,TRUE,Fulham,11,6,1280,1210,1355
187,Kepa Arrizabalaga,50,GKP,Sheffield Utd,Chelsea,2024-04-07T16:30:00Z,FALSE,Chelsea,8,20,1030,1045,1020
349,Kevin De Bruyne,103,MID,Crystal Palace,Man City,2024-04-06T11:30:00Z,FALSE,Man City,1,16,1070,1080,1060
277,Kevin Mbabu,40,DEF,Fulham,Newcastle,2024-04-06T14:00:00Z,TRUE,Fulham,11,6,1280,1210,1355
115,Kevin Schade,52,MID,Aston Villa,Brentford,2024-04-06T14:00:00Z,FALSE,Brentford,13,4,1160,1140,1180
556,Ki-Jana Hoever,40,DEF,Wolves,West Ham,2024-04-06T14:00:00Z,TRUE,Wolves,14,10,1145,1140,1150
76,Kieffer Moore,46,FWD,Luton,Bournemouth,2024-04-06T14:00:00Z,FALSE,Bournemouth,12,18,1055,1020,1090
24,Kieran Tierney,44,DEF,Brighton,Arsenal,2024-04-06T16:30:00Z,FALSE,Arsenal,2,9,1100,1070,1135
430,Kieran Trippier,67,DEF,Fulham,Newcastle,2024-04-06T14:00:00Z,FALSE,Newcastle,6,11,1055,1050,1060
147,Kjell Scherpen,40,GKP,Brighton,Arsenal,2024-04-06T16:30:00Z,TRUE,Brighton,9,2,1365,1370,1360
388,Kobbie Mainoo,44,MID,Man Utd,Liverpool,2024-04-07T14:30:00Z,TRUE,Man Utd,7,3,1370,1350,1390
676,Konstantinos Mavropanos,45,DEF,Wolves,West Ham,2024-04-06T14:00:00Z,FALSE,West Ham,10,14,1100,1085,1115
311,Konstantinos Tsimikas,45,DEF,Man Utd,Liverpool,2024-04-07T14:30:00Z,FALSE,Liverpool,3,7,1125,1130,1120
45,Kortney Hause,39,DEF,Aston Villa,Brentford,2024-04-06T14:00:00Z,TRUE,Aston Villa,4,13,1100,1055,1150
796,Kristian Sekularac,44,MID,Fulham,Newcastle,2024-04-06T14:00:00Z,TRUE,Fulham,11,6,1280,1210,1355
90,Kristoffer Ajer,44,DEF,Aston Villa,Brentford,2024-04-06T14:00:00Z,FALSE,Brentford,13,4,1160,1140,1180
544,Kurt Zouma,45,DEF,Wolves,West Ham,2024-04-06T14:00:00Z,FALSE,West Ham,10,14,1100,1085,1115
369,Kyle Walker,53,DEF,Crystal Palace,Man City,2024-04-06T11:30:00Z,FALSE,Man City,1,16,1070,1080,1060
181,Lawrence Vigouroux,39,GKP,Everton,Burnley,2024-04-06T14:00:00Z,FALSE,Burnley,19,15,1095,1125,1065
40,Leander Dendoncker,49,MID,Aston Villa,Brentford,2024-04-06T14:00:00Z,TRUE,Aston Villa,4,13,1100,1055,1150
26,Leandro Trossard,65,MID,Brighton,Arsenal,2024-04-06T16:30:00Z,FALSE,Arsenal,2,9,1100,1070,1135
753,Leigh Kavanagh,40,DEF,Brighton,Arsenal,2024-04-06T16:30:00Z,TRUE,Brighton,9,2,1365,1370,1360
758,Leo Castledine,45,MID,Sheffield Utd,Chelsea,2024-04-07T16:30:00Z,FALSE,Chelsea,8,20,1030,1045,1020
34,Leon Bailey,56,MID,Aston Villa,Brentford,2024-04-06T14:00:00Z,TRUE,Aston Villa,4,13,1100,1055,1150
613,Lesley Ugochukwu,44,MID,Sheffield Utd,Chelsea,2024-04-07T16:30:00Z,FALSE,Chelsea,8,20,1030,1045,1020
197,Levi Colwill,46,DEF,Sheffield Utd,Chelsea,2024-04-07T16:30:00Z,FALSE,Chelsea,8,20,1030,1045,1020
66,Lewis Cook,50,MID,Luton,Bournemouth,2024-04-06T14:00:00Z,FALSE,Bournemouth,12,18,1055,1020,1090
624,Lewis Dobbin,45,MID,Everton,Burnley,2024-04-06T14:00:00Z,TRUE,Everton,15,19,1050,1050,1050
129,Lewis Dunk,52,DEF,Brighton,Arsenal,2024-04-06T16:30:00Z,TRUE,Brighton,9,2,1365,1370,1360
204,Lewis Hall,42,DEF,Fulham,Newcastle,2024-04-06T14:00:00Z,FALSE,Newcastle,6,11,1055,1050,1060
812,Lewis Koumas,45,FWD,Man Utd,Liverpool,2024-04-07T14:30:00Z,FALSE,Liverpool,3,7,1125,1130,1120
635,Lewis Miley,45,MID,Fulham,Newcastle,2024-04-06T14:00:00Z,FALSE,Newcastle,6,11,1055,1050,1060
458,Lewis O'Brien,49,MID,Spurs,Nott'm Forest,2024-04-07T17:00:00Z,FALSE,Nott'm Forest,17,5,1170,1110,1230
773,Lewis Orford,45,MID,Wolves,West Ham,2024-04-06T14:00:00Z,FALSE,West Ham,10,14,1100,1085,1115
70,Lloyd Kelly,45,DEF,Luton,Bournemouth,2024-04-06T14:00:00Z,FALSE,Bournemouth,12,18,1055,1020,1090
805,Lorenz Assignon,40,DEF,Everton,Burnley,2024-04-06T14:00:00Z,FALSE,Burnley,19,15,1095,1125,1065
580,Loris Karius,39,GKP,Fulham,Newcastle,2024-04-06T14:00:00Z,FALSE,Newcastle,6,11,1055,1050,1060
654,Louie Marsh,45,FWD,Sheffield Utd,Chelsea,2024-04-07T16:30:00Z,TRUE,Sheffield Utd,20,8,1190,1150,1230
339,Louie Watson,44,MID,Luton,Bournemouth,2024-04-06T14:00:00Z,TRUE,Luton,18,12,1100,1130,1075
625,Luc De Fougerolles,39,DEF,Fulham,Newcastle,2024-04-06T14:00:00Z,TRUE,Fulham,11,6,1280,1210,1355
755,Luca Barrington,45,MID,Brighton,Arsenal,2024-04-06T16:30:00Z,TRUE,Brighton,9,2,1365,1370,1360
605,Luca Koleosho,48,MID,Everton,Burnley,2024-04-06T14:00:00Z,FALSE,Burnley,19,15,1095,1125,1065
42,Lucas Digne,46,DEF,Aston Villa,Brentford,2024-04-06T14:00:00Z,TRUE,Aston Villa,4,13,1100,1055,1150
539,Lucas Tolentino Coelho de Lima,60,MID,Wolves,West Ham,2024-04-06T14:00:00Z,FALSE,West Ham,10,14,1100,1085,1115
705,Luis Sinisterra,55,MID,Luton,Bournemouth,2024-04-06T14:00:00Z,FALSE,Bournemouth,12,18,1055,1020,1090
533,Lukasz Fabianski,42,GKP,Wolves,West Ham,2024-04-06T14:00:00Z,FALSE,West Ham,10,14,1100,1085,1115
317,Luke Berry,46,MID,Luton,Bournemouth,2024-04-06T14:00:00Z,TRUE,Luton,18,12,1100,1130,1075
726,Luke Chambers,40,DEF,Man Utd,Liverpool,2024-04-07T14:30:00Z,FALSE,Liverpool,3,7,1125,1130,1120
550,Luke Cundle,45,MID,Wolves,West Ham,2024-04-06T14:00:00Z,TRUE,Wolves,14,10,1145,1140,1150
322,Luke Freeman,49,MID,Luton,Bournemouth,2024-04-06T14:00:00Z,TRUE,Luton,18,12,1100,1130,1075
683,Luke Harris,45,MID,Fulham,Newcastle,2024-04-06T14:00:00Z,TRUE,Fulham,11,6,1280,1210,1355
171,Luke McNally,40,DEF,Everton,Burnley,2024-04-06T14:00:00Z,FALSE,Burnley,19,15,1095,1125,1065
237,Luke Plange,45,FWD,Crystal Palace,Man City,2024-04-06T11:30:00Z,TRUE,Crystal Palace,16,1,1365,1360,1370
398,Luke Shaw,52,DEF,Man Utd,Liverpool,2024-04-07T14:30:00Z,TRUE,Man Utd,7,3,1370,1350,1390
693,Luke Thomas,40,DEF,Sheffield Utd,Chelsea,2024-04-07T16:30:00Z,TRUE,Sheffield Utd,20,8,1190,1150,1230
168,Lyle Foster,47,FWD,Everton,Burnley,2024-04-06T14:00:00Z,FALSE,Burnley,19,15,1095,1125,1065
719,Mackenzie Hunt,45,MID,Everton,Burnley,2024-04-06T14:00:00Z,TRUE,Everton,15,19,1050,1050,1050
94,Mads Bidstrup,45,MID,Aston Villa,Brentford,2024-04-06T14:00:00Z,FALSE,Brentford,13,4,1160,1140,1180
315,Mads Juel Andersen,39,DEF,Luton,Bournemouth,2024-04-06T14:00:00Z,TRUE,Luton,18,12,1100,1130,1075
114,Mads Roerslev Rasmussen,44,DEF,Aston Villa,Brentford,2024-04-06T14:00:00Z,FALSE,Brentford,13,4,1160,1140,1180
762,Mahamadou Susoho,45,MID,Crystal Palace,Man City,2024-04-06T11:30:00Z,FALSE,Man City,1,16,1070,1080,1060
128,Mahmoud Dahoud,48,MID,Brighton,Arsenal,2024-04-06T16:30:00Z,TRUE,Brighton,9,2,1365,1370,1360
214,Malang Sarr,43,DEF,Sheffield Utd,Chelsea,2024-04-07T16:30:00Z,FALSE,Chelsea,8,20,1030,1045,1020
224,Malcolm Ebiowei,44,MID,Crystal Palace,Man City,2024-04-06T11:30:00Z,TRUE,Crystal Palace,16,1,1365,1360,1370
203,Malo Gusto,43,DEF,Sheffield Utd,Chelsea,2024-04-07T16:30:00Z,FALSE,Chelsea,8,20,1030,1045,1020
583,Manor Solomon,51,MID,Spurs,Nott'm Forest,2024-04-07T17:00:00Z,TRUE,Spurs,5,17,1100,1125,1080
341,Manuel Akanji,49,DEF,Crystal Palace,Man City,2024-04-06T11:30:00Z,FALSE,Man City,1,16,1070,1080,1060
159,Manuel Benson Hedilazio,52,MID,Everton,Burnley,2024-04-06T14:00:00Z,FALSE,Burnley,19,15,1095,1125,1065
198,Marc Cucurella Saseta,48,DEF,Sheffield Utd,Chelsea,2024-04-07T16:30:00Z,FALSE,Chelsea,8,20,1030,1045,1020
83,Marcos Senesi,44,DEF,Luton,Bournemouth,2024-04-06T14:00:00Z,FALSE,Bournemouth,12,18,1055,1020,1090
192,Marcus Bettinelli,40,GKP,Sheffield Utd,Chelsea,2024-04-07T16:30:00Z,FALSE,Chelsea,8,20,1030,1045,1020
11,Marcus Oliveira Alencar,45,MID,Brighton,Arsenal,2024-04-06T16:30:00Z,FALSE,Arsenal,2,9,1100,1070,1135
396,Marcus Rashford,84,MID,Man Utd,Liverpool,2024-04-07T14:30:00Z,TRUE,Man Utd,7,3,1370,1350,1390
86,Marcus Tavernier,53,MID,Luton,Bournemouth,2024-04-06T14:00:00Z,FALSE,Bournemouth,12,18,1055,1020,1090
565,Mario Lemina,49,MID,Wolves,West Ham,2024-04-06T14:00:00Z,TRUE,Wolves,14,10,1145,1140,1150
101,Mark Flekken,46,GKP,Aston Villa,Brentford,2024-04-06T14:00:00Z,FALSE,Brentford,13,4,1160,1140,1180
411,Mark Gillespie,39,GKP,Fulham,Newcastle,2024-04-06T14:00:00Z,FALSE,Newcastle,6,11,1055,1050,1060
88,Mark Travers,40,GKP,Luton,Bournemouth,2024-04-06T14:00:00Z,FALSE,Bournemouth,12,18,1055,1020,1090
409,Martin Dubravka,42,GKP,Fulham,Newcastle,2024-04-06T14:00:00Z,FALSE,Newcastle,6,11,1055,1050,1060
52,Marvelous Nakamba,43,MID,Luton,Bournemouth,2024-04-06T14:00:00Z,TRUE,Luton,18,12,1100,1130,1075
623,Mason Burstow,45,FWD,Sheffield Utd,Chelsea,2024-04-07T16:30:00Z,FALSE,Chelsea,8,20,1030,1045,1020
255,Mason Holgate,40,DEF,Sheffield Utd,Chelsea,2024-04-07T16:30:00Z,TRUE,Sheffield Utd,20,8,1190,1150,1230
209,Mason Mount,68,MID,Man Utd,Liverpool,2024-04-07T14:30:00Z,TRUE,Man Utd,7,3,1370,1350,1390
566,Matheus Luiz Nunes,47,MID,Crystal Palace,Man City,2024-04-06T11:30:00Z,FALSE,Man City,1,16,1070,1080,1060
590,Matheus Santos Carneiro Da Cunha,55,FWD,Wolves,West Ham,2024-04-06T14:00:00Z,TRUE,Wolves,14,10,1145,1140,1150
106,Mathias Jensen,53,MID,Aston Villa,Brentford,2024-04-06T14:00:00Z,FALSE,Brentford,13,4,1160,1140,1180
121,Mathias Jorgensen,43,DEF,Aston Villa,Brentford,2024-04-06T14:00:00Z,FALSE,Brentford,13,4,1160,1140,1180
598,Matt Doherty,43,DEF,Wolves,West Ham,2024-04-06T14:00:00Z,TRUE,Wolves,14,10,1145,1140,1150
323,Matt Macey,40,GKP,Luton,Bournemouth,2024-04-06T14:00:00Z,TRUE,Luton,18,12,1100,1130,1075
425,Matt Ritchie,43,MID,Fulham,Newcastle,2024-04-06T14:00:00Z,FALSE,Newcastle,6,11,1055,1050,1060
428,Matt Targett,42,DEF,Fulham,Newcastle,2024-04-06T14:00:00Z,FALSE,Newcastle,6,11,1055,1050,1060
28,Matt Turner,38,GKP,Spurs,Nott'm Forest,2024-04-07T17:00:00Z,FALSE,Nott'm Forest,17,5,1170,1110,1230
97,Matthew Cox,40,GKP,Aston Villa,Brentford,2024-04-06T14:00:00Z,FALSE,Brentford,13,4,1160,1140,1180
652,Matthew Dibley-Dias,45,MID,Fulham,Newcastle,2024-04-06T14:00:00Z,TRUE,Fulham,11,6,1280,1210,1355
749,Matthew Whittingham,45,MID,Wolves,West Ham,2024-04-06T14:00:00Z,TRUE,Wolves,14,10,1145,1140,1150
36,Matty Cash,46,DEF,Aston Villa,Brentford,2024-04-06T14:00:00Z,TRUE,Aston Villa,4,13,1100,1055,1150
808,Matz Sels,45,GKP,Spurs,Nott'm Forest,2024-04-07T17:00:00Z,FALSE,Nott'm Forest,17,5,1170,1110,1230
815,Mauro Bandeira,45,MID,Brighton,Arsenal,2024-04-06T16:30:00Z,FALSE,Arsenal,2,9,1100,1070,1135
643,Max Aarons,44,DEF,Luton,Bournemouth,2024-04-06T14:00:00Z,FALSE,Bournemouth,12,18,1055,1020,1090
563,Max Kilman,45,DEF,Wolves,West Ham,2024-04-06T14:00:00Z,TRUE,Wolves,14,10,1145,1140,1150
802,Max Kinsey,40,DEF,Luton,Bournemouth,2024-04-06T14:00:00Z,FALSE,Bournemouth,12,18,1055,1020,1090
484,Max Lowe,43,DEF,Sheffield Utd,Chelsea,2024-04-07T16:30:00Z,TRUE,Sheffield Utd,20,8,1190,1150,1230
806,Maxime Esteve,40,DEF,Everton,Burnley,2024-04-06T14:00:00Z,FALSE,Burnley,19,15,1095,1125,1065
527,Maxwel Cornet,52,MID,Wolves,West Ham,2024-04-06T14:00:00Z,FALSE,West Ham,10,14,1100,1085,1115
771,Micah Hamilton,45,MID,Crystal Palace,Man City,2024-04-06T11:30:00Z,FALSE,Man City,1,16,1070,1080,1060
257,Michael Keane,43,DEF,Everton,Burnley,2024-04-06T14:00:00Z,TRUE,Everton,15,19,1050,1050,1050
745,Michael Ndiweni,44,FWD,Fulham,Newcastle,2024-04-06T14:00:00Z,FALSE,Newcastle,6,11,1055,1050,1060
174,Michael Obafemi,49,FWD,Everton,Burnley,2024-04-06T14:00:00Z,FALSE,Burnley,19,15,1095,1125,1065
620,Michael Olakigbe,45,MID,Aston Villa,Brentford,2024-04-06T14:00:00Z,FALSE,Brentford,13,4,1160,1140,1180
236,Michael Olise,56,MID,Crystal Palace,Man City,2024-04-06T11:30:00Z,TRUE,Crystal Palace,16,1,1365,1360,1370
523,Michail Antonio,57,FWD,Wolves,West Ham,2024-04-06T14:00:00Z,FALSE,West Ham,10,14,1100,1085,1115
639,Micky van de Ven,44,DEF,Spurs,Nott'm Forest,2024-04-07T17:00:00Z,TRUE,Spurs,5,17,1100,1125,1080
98,Mikkel Damsgaard,48,MID,Aston Villa,Brentford,2024-04-06T14:00:00Z,FALSE,Brentford,13,4,1160,1140,1180
595,Milos Kerkez,44,DEF,Luton,Bournemouth,2024-04-06T14:00:00Z,FALSE,Bournemouth,12,18,1055,1020,1090
3,Mohamed Elneny,44,MID,Brighton,Arsenal,2024-04-06T16:30:00Z,FALSE,Arsenal,2,9,1100,1070,1135
308,Mohamed Salah,134,MID,Man Utd,Liverpool,2024-04-07T14:30:00Z,FALSE,Liverpool,3,7,1125,1130,1120
689,Mohammed Kudus,68,MID,Wolves,West Ham,2024-04-06T14:00:00Z,FALSE,West Ham,10,14,1100,1085,1115
447,Morgan Gibbs-White,57,MID,Spurs,Nott'm Forest,2024-04-07T17:00:00Z,FALSE,Nott'm Forest,17,5,1170,1110,1230
803,Morgan Rogers,50,MID,Aston Villa,Brentford,2024-04-06T14:00:00Z,TRUE,Aston Villa,4,13,1100,1055,1150
56,Morgan Sanson,45,MID,Aston Villa,Brentford,2024-04-06T14:00:00Z,TRUE,Aston Villa,4,13,1100,1055,1150
599,Moussa Diaby,63,MID,Aston Villa,Brentford,2024-04-06T14:00:00Z,TRUE,Aston Villa,4,13,1100,1055,1150
696,Murillo Santiago Costa dos Santos,45,DEF,Spurs,Nott'm Forest,2024-04-07T17:00:00Z,FALSE,Nott'm Forest,17,5,1170,1110,1230
210,Mykhailo Mudryk,63,MID,Sheffield Utd,Chelsea,2024-04-07T16:30:00Z,FALSE,Chelsea,8,20,1030,1045,1020
764,Myles Lewis-Skelly,45,MID,Brighton,Arsenal,2024-04-06T16:30:00Z,FALSE,Arsenal,2,9,1100,1070,1135
744,Myles Peart-Harris,45,MID,Aston Villa,Brentford,2024-04-06T14:00:00Z,FALSE,Brentford,13,4,1160,1140,1180
219,Naouirou Ahamada,43,MID,Crystal Palace,Man City,2024-04-06T11:30:00Z,TRUE,Crystal Palace,16,1,1365,1360,1370
96,Nathan Collins,45,DEF,Aston Villa,Brentford,2024-04-06T14:00:00Z,FALSE,Brentford,13,4,1160,1140,1180
704,Nathan Fraser,45,FWD,Wolves,West Ham,2024-04-06T14:00:00Z,TRUE,Wolves,14,10,1145,1140,1150
262,Nathan Patterson,43,DEF,Everton,Burnley,2024-04-06T14:00:00Z,TRUE,Everton,15,19,1050,1050,1050
600,Nathan Redmond,47,MID,Everton,Burnley,2024-04-06T14:00:00Z,FALSE,Burnley,19,15,1095,1125,1065
222,Nathaniel Clyne,43,DEF,Crystal Palace,Man City,2024-04-06T11:30:00Z,TRUE,Crystal Palace,16,1,1365,1360,1370
306,Nathaniel Phillips,40,DEF,Man Utd,Liverpool,2024-04-07T14:30:00Z,FALSE,Liverpool,3,7,1125,1130,1120
522,Nayef Aguerd,44,DEF,Wolves,West Ham,2024-04-06T14:00:00Z,FALSE,West Ham,10,14,1100,1085,1115
258,Neal Maupay,49,FWD,Aston Villa,Brentford,2024-04-06T14:00:00Z,FALSE,Brentford,13,4,1160,1140,1180
467,Neco Williams,43,DEF,Spurs,Nott'm Forest,2024-04-07T17:00:00Z,FALSE,Nott'm Forest,17,5,1170,1110,1230
424,Nick Pope,53,GKP,Fulham,Newcastle,2024-04-06T14:00:00Z,FALSE,Newcastle,6,11,1055,1050,1060
211,Nicolas Jackson,68,FWD,Sheffield Utd,Chelsea,2024-04-07T16:30:00Z,FALSE,Chelsea,8,20,1030,1045,1020
800,Noha Lemina,50,MID,Wolves,West Ham,2024-04-06T14:00:00Z,TRUE,Wolves,14,10,1145,1140,1150
208,Noni Madueke,53,MID,Sheffield Utd,Chelsea,2024-04-07T16:30:00Z,FALSE,Chelsea,8,20,1030,1045,1020
691,Norberto Bercique Gomes Betuncal,57,FWD,Everton,Burnley,2024-04-06T14:00:00Z,TRUE,Everton,15,19,1050,1050,1050
77,Norberto Murara Neto,47,GKP,Luton,Bournemouth,2024-04-06T14:00:00Z,FALSE,Bournemouth,12,18,1055,1020,1090
23,Nuno Varela Tavares,40,DEF,Spurs,Nott'm Forest,2024-04-07T17:00:00Z,FALSE,Nott'm Forest,17,5,1170,1110,1230
225,Odsonne Edouard,53,FWD,Crystal Palace,Man City,2024-04-06T11:30:00Z,TRUE,Crystal Palace,16,1,1365,1360,1370
710,Odysseas Vlachodimos,45,GKP,Spurs,Nott'm Forest,2024-04-07T17:00:00Z,FALSE,Nott'm Forest,17,5,1170,1110,1230
31,Oleksandr Zinchenko,50,DEF,Brighton,Arsenal,2024-04-06T16:30:00Z,FALSE,Arsenal,2,9,1100,1070,1135
823,Oliver Arblaster,45,MID,Sheffield Utd,Chelsea,2024-04-07T16:30:00Z,TRUE,Sheffield Utd,20,8,1190,1150,1230
485,Oliver McBurnie,54,FWD,Sheffield Utd,Chelsea,2024-04-07T16:30:00Z,TRUE,Sheffield Utd,20,8,1190,1150,1230
488,Oliver Norwood,48,MID,Sheffield Utd,Chelsea,2024-04-07T16:30:00Z,TRUE,Sheffield Utd,20,8,1190,1150,1230
784,Oliver Scarles,40,DEF,Wolves,West Ham,2024-04-06T14:00:00Z,FALSE,West Ham,10,14,1100,1085,1115
515,Oliver Skipp,45,MID,Spurs,Nott'm Forest,2024-04-07T17:00:00Z,TRUE,Spurs,5,17,1100,1125,1080
686,Oliwier Zych,40,GKP,Aston Villa,Brentford,2024-04-06T14:00:00Z,TRUE,Aston Villa,4,13,1100,1055,1150
820,Ollie Harrison,45,MID,Sheffield Utd,Chelsea,2024-04-07T16:30:00Z,FALSE,Chelsea,8,20,1030,1045,1020
60,Ollie Watkins,88,FWD,Aston Villa,Brentford,2024-04-06T14:00:00Z,TRUE,Aston Villa,4,13,1100,1055,1150
604,Olu Aina,45,DEF,Spurs,Nott'm Forest,2024-04-07T17:00:00Z,FALSE,Nott'm Forest,17,5,1170,1110,1230
461,Omar Richards,44,DEF,Spurs,Nott'm Forest,2024-04-07T17:00:00Z,FALSE,Nott'm Forest,17,5,1170,1110,1230
632,Omari Forson,44,MID,Man Utd,Liverpool,2024-04-07T14:30:00Z,TRUE,Man Utd,7,3,1370,1350,1390
618,Omari Kellyman,45,MID,Aston Villa,Brentford,2024-04-06T14:00:00Z,TRUE,Aston Villa,4,13,1100,1055,1150
453,Orel Mangala,50,MID,Spurs,Nott'm Forest,2024-04-07T17:00:00Z,FALSE,Nott'm Forest,17,5,1170,1110,1230
345,Oscar Bobb,44,MID,Crystal Palace,Man City,2024-04-06T11:30:00Z,FALSE,Man City,1,16,1070,1080,1060
782,Owen Beck,45,DEF,Man Utd,Liverpool,2024-04-07T14:30:00Z,FALSE,Liverpool,3,7,1125,1130,1120
622,Owen Dodgson,40,DEF,Everton,Burnley,2024-04-06T14:00:00Z,FALSE,Burnley,19,15,1095,1125,1065
769,Owen Hesketh,45,MID,Wolves,West Ham,2024-04-06T14:00:00Z,TRUE,Wolves,14,10,1145,1140,1150
534,Pablo Fornals Malla,46,MID,Wolves,West Ham,2024-04-06T14:00:00Z,FALSE,West Ham,10,14,1100,1085,1115
570,Pablo Sarabia,47,MID,Wolves,West Ham,2024-04-06T14:00:00Z,TRUE,Wolves,14,10,1145,1140,1150
513,Pape Matar Sarr,44,MID,Spurs,Nott'm Forest,2024-04-07T17:00:00Z,TRUE,Spurs,5,17,1100,1125,1080
584,Pau Torres,46,DEF,Aston Villa,Brentford,2024-04-06T14:00:00Z,TRUE,Aston Villa,4,13,1100,1055,1150
581,Paul Dummett,39,DEF,Fulham,Newcastle,2024-04-06T14:00:00Z,FALSE,Newcastle,6,11,1055,1050,1060
567,Pedro Lomba Neto,55,MID,Wolves,West Ham,2024-04-06T14:00:00Z,TRUE,Wolves,14,10,1145,1140,1150
506,Pedro Porro,59,DEF,Spurs,Nott'm Forest,2024-04-07T17:00:00Z,TRUE,Spurs,5,17,1100,1125,1080
582,Pelly Ruddock Mpanzu,46,MID,Luton,Bournemouth,2024-04-06T14:00:00Z,TRUE,Luton,18,12,1100,1130,1075
353,Phil Foden,81,MID,Crystal Palace,Man City,2024-04-06T11:30:00Z,FALSE,Man City,1,16,1070,1080,1060
63,Philip Billing,51,MID,Luton,Bournemouth,2024-04-06T14:00:00Z,FALSE,Bournemouth,12,18,1055,1020,1090
38,Philippe Coutinho Correia,58,MID,Aston Villa,Brentford,2024-04-06T14:00:00Z,TRUE,Aston Villa,4,13,1100,1055,1150
188,Pierre-Emerick Aubameyang,65,FWD,Sheffield Utd,Chelsea,2024-04-07T16:30:00Z,FALSE,Chelsea,8,20,1030,1045,1020
777,Radu Dragusin,42,DEF,Spurs,Nott'm Forest,2024-04-07T17:00:00Z,TRUE,Spurs,5,17,1100,1125,1080
216,Raheem Sterling,69,MID,Sheffield Utd,Chelsea,2024-04-07T16:30:00Z,FALSE,Chelsea,8,20,1030,1045,1020
318,Reece Burke,40,DEF,Luton,Bournemouth,2024-04-06T14:00:00Z,TRUE,Luton,18,12,1100,1130,1075
206,Reece James,53,DEF,Sheffield Utd,Chelsea,2024-04-07T16:30:00Z,FALSE,Chelsea,8,20,1030,1045,1020
578,Reiss Nelson,48,MID,Brighton,Arsenal,2024-04-06T16:30:00Z,FALSE,Arsenal,2,9,1100,1070,1135
233,Remi Matthews,39,GKP,Crystal Palace,Man City,2024-04-06T11:30:00Z,TRUE,Crystal Palace,16,1,1365,1360,1370
446,Remo Freuler,49,MID,Spurs,Nott'm Forest,2024-04-07T17:00:00Z,FALSE,Nott'm Forest,17,5,1170,1110,1230
736,Reuell Walters,40,DEF,Brighton,Arsenal,2024-04-06T16:30:00Z,FALSE,Arsenal,2,9,1100,1070,1135
477,Rhian Brewster,49,FWD,Sheffield Utd,Chelsea,2024-04-07T16:30:00Z,TRUE,Sheffield Utd,20,8,1190,1150,1230
768,Rhys Bennett,40,DEF,Man Utd,Liverpool,2024-04-07T14:30:00Z,TRUE,Man Utd,7,3,1370,1350,1390
487,Rhys Norrington-Davies,39,DEF,Sheffield Utd,Chelsea,2024-04-07T16:30:00Z,TRUE,Sheffield Utd,20,8,1190,1150,1230
509,Richarlison de Andrade,69,MID,Spurs,Nott'm Forest,2024-04-07T17:00:00Z,TRUE,Spurs,5,17,1100,1125,1080
452,Richie Laryea,45,DEF,Spurs,Nott'm Forest,2024-04-07T17:00:00Z,FALSE,Nott'm Forest,17,5,1170,1110,1230
103,Rico Henry,43,DEF,Aston Villa,Brentford,2024-04-06T14:00:00Z,FALSE,Brentford,13,4,1160,1140,1180
358,Rico Lewis,42,DEF,Crystal Palace,Man City,2024-04-06T11:30:00Z,FALSE,Man City,1,16,1070,1080,1060
359,Riyad Mahrez,75,MID,Crystal Palace,Man City,2024-04-06T11:30:00Z,FALSE,Man City,1,16,1070,1080,1060
7,Rob Holding,43,DEF,Crystal Palace,Man City,2024-04-06T11:30:00Z,TRUE,Crystal Palace,16,1,1365,1360,1370
53,Robin Olsen,39,GKP,Aston Villa,Brentford,2024-04-06T14:00:00Z,TRUE,Aston Villa,4,13,1100,1055,1150
492,Rodrigo Bentancur,54,MID,Spurs,Nott'm Forest,2024-04-07T17:00:00Z,TRUE,Spurs,5,17,1100,1125,1080
809,Rodrigo Duarte Ribeiro,45,FWD,Spurs,Nott'm Forest,2024-04-07T17:00:00Z,FALSE,Nott'm Forest,17,5,1170,1110,1230
365,Rodrigo Hernandez,56,MID,Crystal Palace,Man City,2024-04-06T11:30:00Z,FALSE,Man City,1,16,1070,1080,1060
279,Rodrigo Muniz Carvalho,47,FWD,Fulham,Newcastle,2024-04-06T14:00:00Z,TRUE,Fulham,11,6,1280,1210,1355
799,Romain Faivre,50,MID,Luton,Bournemouth,2024-04-06T14:00:00Z,FALSE,Bournemouth,12,18,1055,1020,1090
207,Romelu Lukaku Bolingoli,68,FWD,Sheffield Utd,Chelsea,2024-04-07T16:30:00Z,FALSE,Chelsea,8,20,1030,1045,1020
717,Ronnie Stutter,45,FWD,Sheffield Utd,Chelsea,2024-04-07T16:30:00Z,FALSE,Chelsea,8,20,1030,1045,1020
630,Ross Barkley,49,MID,Luton,Bournemouth,2024-04-06T14:00:00Z,TRUE,Luton,18,12,1100,1130,1075
65,Ryan Christie,50,MID,Luton,Bournemouth,2024-04-06T14:00:00Z,FALSE,Bournemouth,12,18,1055,1020,1090
410,Ryan Fraser,49,MID,Fulham,Newcastle,2024-04-06T14:00:00Z,FALSE,Newcastle,6,11,1055,1050,1060
68,Ryan Fredericks,43,DEF,Luton,Bournemouth,2024-04-06T14:00:00Z,FALSE,Bournemouth,12,18,1055,1020,1090
553,Ryan Giles,42,DEF,Luton,Bournemouth,2024-04-06T14:00:00Z,TRUE,Luton,18,12,1100,1130,1075
708,Ryan Gravenberch,50,MID,Man Utd,Liverpool,2024-04-07T14:30:00Z,FALSE,Liverpool,3,7,1125,1130,1120
514,Ryan Sessegnon,44,DEF,Spurs,Nott'm Forest,2024-04-07T17:00:00Z,TRUE,Spurs,5,17,1100,1125,1080
118,Ryan Trevitt,45,MID,Aston Villa,Brentford,2024-04-06T14:00:00Z,FALSE,Brentford,13,4,1160,1140,1180
470,Ryan Yates,48,MID,Spurs,Nott'm Forest,2024-04-07T17:00:00Z,FALSE,Nott'm Forest,17,5,1170,1110,1230
828,Sam Curtis,40,DEF,Sheffield Utd,Chelsea,2024-04-07T16:30:00Z,TRUE,Sheffield Utd,20,8,1190,1150,1230
230,Sam Johnstone,44,GKP,Crystal Palace,Man City,2024-04-06T11:30:00Z,TRUE,Crystal Palace,16,1,1365,1360,1370
765,Sam Proctor,40,GKP,Aston Villa,Brentford,2024-04-06T14:00:00Z,TRUE,Aston Villa,4,13,1100,1055,1150
464,Sam Surridge,45,FWD,Spurs,Nott'm Forest,2024-04-07T17:00:00Z,FALSE,Nott'm Forest,17,5,1170,1110,1230
701,Saman Ghoddos,45,MID,Aston Villa,Brentford,2024-04-06T14:00:00Z,FALSE,Brentford,13,4,1160,1140,1180
158,Samuel Bastien,49,MID,Everton,Burnley,2024-04-06T14:00:00Z,FALSE,Burnley,19,15,1095,1125,1065
475,Sander Berge,46,MID,Everton,Burnley,2024-04-06T14:00:00Z,FALSE,Burnley,19,15,1095,1125,1065
429,Sandro Tonali,52,MID,Fulham,Newcastle,2024-04-06T14:00:00Z,FALSE,Newcastle,6,11,1055,1050,1060
697,Santiago Bueno,45,DEF,Wolves,West Ham,2024-04-06T14:00:00Z,TRUE,Wolves,14,10,1145,1140,1150
562,Sasa Kalajdzic,49,FWD,Wolves,West Ham,2024-04-06T14:00:00Z,TRUE,Wolves,14,10,1145,1140,1150
347,Scott Carson,38,GKP,Crystal Palace,Man City,2024-04-06T11:30:00Z,FALSE,Man City,1,16,1070,1080,1060
455,Scott McKenna,44,DEF,Spurs,Nott'm Forest,2024-04-07T17:00:00Z,FALSE,Nott'm Forest,17,5,1170,1110,1230
392,Scott McTominay,46,MID,Man Utd,Liverpool,2024-04-07T14:30:00Z,TRUE,Man Utd,7,3,1370,1350,1390
180,Scott Twine,49,MID,Everton,Burnley,2024-04-06T14:00:00Z,FALSE,Burnley,19,15,1095,1125,1065
247,Seamus Coleman,44,DEF,Everton,Burnley,2024-04-06T14:00:00Z,TRUE,Everton,15,19,1050,1050,1050
421,Sean Longstaff,48,MID,Fulham,Newcastle,2024-04-06T14:00:00Z,FALSE,Newcastle,6,11,1055,1050,1060
312,Sepp van den Berg,40,DEF,Man Utd,Liverpool,2024-04-07T14:30:00Z,FALSE,Liverpool,3,7,1125,1130,1120
436,Serge Aurier,45,DEF,Spurs,Nott'm Forest,2024-04-07T17:00:00Z,FALSE,Nott'm Forest,17,5,1170,1110,1230
92,Shandon Baptiste,43,MID,Aston Villa,Brentford,2024-04-06T14:00:00Z,FALSE,Brentford,13,4,1160,1140,1180
348,Shea Charles,45,MID,Crystal Palace,Man City,2024-04-06T11:30:00Z,FALSE,Man City,1,16,1070,1080,1060
399,Shola Shoretire,44,FWD,Man Utd,Liverpool,2024-04-07T14:30:00Z,TRUE,Man Utd,7,3,1370,1350,1390
122,Simon Adingra,50,MID,Brighton,Arsenal,2024-04-06T16:30:00Z,TRUE,Brighton,9,2,1365,1370,1360
709,Sofyan Amrabat,50,MID,Man Utd,Liverpool,2024-04-07T14:30:00Z,TRUE,Man Utd,7,3,1370,1350,1390
140,Solly March,61,MID,Brighton,Arsenal,2024-04-06T16:30:00Z,TRUE,Brighton,9,2,1365,1370,1360
516,Son Heung-min,101,MID,Spurs,Nott'm Forest,2024-04-07T17:00:00Z,TRUE,Spurs,5,17,1100,1125,1080
292,Stefan Bajcetic,47,MID,Man Utd,Liverpool,2024-04-07T14:30:00Z,FALSE,Liverpool,3,7,1125,1130,1120
361,Stefan Ortega Moreno,37,GKP,Crystal Palace,Man City,2024-04-06T11:30:00Z,FALSE,Man City,1,16,1070,1080,1060
441,Steve Cook,45,DEF,Spurs,Nott'm Forest,2024-04-07T17:00:00Z,FALSE,Nott'm Forest,17,5,1170,1110,1230
123,Steven Alzate,44,MID,Brighton,Arsenal,2024-04-06T16:30:00Z,TRUE,Brighton,9,2,1365,1370,1360
692,Steven Benda,40,GKP,Fulham,Newcastle,2024-04-06T14:00:00Z,TRUE,Fulham,11,6,1280,1210,1355
405,Sven Botman,45,DEF,Fulham,Newcastle,2024-04-06T14:00:00Z,FALSE,Newcastle,6,11,1055,1050,1060
759,Sydie Peck,44,MID,Sheffield Utd,Chelsea,2024-04-07T16:30:00Z,TRUE,Sheffield Utd,20,8,1190,1150,1230
586,Tahith Chong,47,MID,Luton,Bournemouth,2024-04-06T14:00:00Z,TRUE,Luton,18,12,1100,1130,1075
437,Taiwo Awoniyi,63,FWD,Spurs,Nott'm Forest,2024-04-07T17:00:00Z,FALSE,Nott'm Forest,17,5,1170,1110,1230
25,Takehiro Tomiyasu,45,DEF,Brighton,Arsenal,2024-04-06T16:30:00Z,FALSE,Arsenal,2,9,1100,1070,1135
139,Tariq Lamptey,39,DEF,Brighton,Arsenal,2024-04-06T16:30:00Z,TRUE,Brighton,9,2,1365,1370,1360
750,Tawanda Chirewa,44,MID,Wolves,West Ham,2024-04-06T14:00:00Z,TRUE,Wolves,14,10,1145,1140,1150
763,Tayo Adaramola,40,DEF,Crystal Palace,Man City,2024-04-06T11:30:00Z,TRUE,Crystal Palace,16,1,1365,1360,1370
393,Teden Mengi,39,DEF,Luton,Bournemouth,2024-04-06T14:00:00Z,TRUE,Luton,18,12,1100,1130,1075
274,Terence Kongolo,40,DEF,Fulham,Newcastle,2024-04-06T14:00:00Z,TRUE,Fulham,11,6,1280,1210,1355
217,Thiago Emiliano da Silva,50,DEF,Sheffield Utd,Chelsea,2024-04-07T16:30:00Z,FALSE,Chelsea,8,20,1030,1045,1020
537,Thilo Kehrer,42,DEF,Wolves,West Ham,2024-04-06T14:00:00Z,FALSE,West Ham,10,14,1100,1085,1115
649,Thomas Cannon,45,FWD,Everton,Burnley,2024-04-06T14:00:00Z,TRUE,Everton,15,19,1050,1050,1050
614,Thomas Kaminski,45,GKP,Luton,Bournemouth,2024-04-06T14:00:00Z,TRUE,Luton,18,12,1100,1130,1075
15,Thomas Partey,48,MID,Brighton,Arsenal,2024-04-06T16:30:00Z,FALSE,Arsenal,2,9,1100,1070,1135
116,Thomas Strakosha,39,GKP,Aston Villa,Brentford,2024-04-06T14:00:00Z,FALSE,Brentford,13,4,1160,1140,1180
46,Tim Iroegbunam,44,MID,Aston Villa,Brentford,2024-04-06T14:00:00Z,TRUE,Aston Villa,4,13,1100,1055,1150
665,Tim Krul,44,GKP,Luton,Bournemouth,2024-04-06T14:00:00Z,TRUE,Luton,18,12,1100,1130,1075
281,Tim Ream,45,DEF,Fulham,Newcastle,2024-04-06T14:00:00Z,TRUE,Fulham,11,6,1280,1210,1355
776,Timo Werner,63,FWD,Spurs,Nott'm Forest,2024-04-07T17:00:00Z,TRUE,Spurs,5,17,1100,1125,1080
688,Timothy Castagne,46,DEF,Fulham,Newcastle,2024-04-06T14:00:00Z,TRUE,Fulham,11,6,1280,1210,1355
633,Tino Livramento,41,DEF,Fulham,Newcastle,2024-04-06T14:00:00Z,FALSE,Newcastle,6,11,1055,1050,1060
826,Toby Collyer,45,MID,Man Utd,Liverpool,2024-04-07T14:30:00Z,TRUE,Man Utd,7,3,1370,1350,1390
268,Tom Cairney,49,MID,Fulham,Newcastle,2024-04-06T14:00:00Z,TRUE,Fulham,11,6,1280,1210,1355
666,Tom Davies,50,MID,Sheffield Utd,Chelsea,2024-04-07T16:30:00Z,TRUE,Sheffield Utd,20,8,1190,1150,1230
384,Tom Heaton,39,GKP,Man Utd,Liverpool,2024-04-07T14:30:00Z,TRUE,Man Utd,7,3,1370,1350,1390
564,Tom King,39,GKP,Wolves,West Ham,2024-04-06T14:00:00Z,TRUE,Wolves,14,10,1145,1140,1150
575,Tom Lockyer,42,DEF,Luton,Bournemouth,2024-04-06T14:00:00Z,TRUE,Luton,18,12,1100,1130,1075
141,Tom McGill,39,GKP,Brighton,Arsenal,2024-04-06T16:30:00Z,TRUE,Brighton,9,2,1365,1370,1360
767,Tommi O'Reilly,45,MID,Aston Villa,Brentford,2024-04-06T14:00:00Z,TRUE,Aston Villa,4,13,1100,1055,1150
351,Tommy Doyle,44,MID,Wolves,West Ham,2024-04-06T14:00:00Z,TRUE,Wolves,14,10,1145,1140,1150
286,Tosin Adarabioyo,43,DEF,Fulham,Newcastle,2024-04-06T14:00:00Z,TRUE,Fulham,11,6,1280,1210,1355
795,Travis Hernes,45,MID,Fulham,Newcastle,2024-04-06T14:00:00Z,FALSE,Newcastle,6,11,1055,1050,1060
290,Trent Alexander-Arnold,84,DEF,Man Utd,Liverpool,2024-04-07T14:30:00Z,FALSE,Liverpool,3,7,1125,1130,1120
194,Trevoh Chalobah,43,DEF,Sheffield Utd,Chelsea,2024-04-07T16:30:00Z,FALSE,Chelsea,8,20,1030,1045,1020
743,Treymaurice Nyoni,45,MID,Man Utd,Liverpool,2024-04-07T14:30:00Z,FALSE,Liverpool,3,7,1125,1130,1120
770,Ty Barnett,45,MID,Wolves,West Ham,2024-04-06T14:00:00Z,TRUE,Wolves,14,10,1145,1140,1150
673,Tyler Adams,49,MID,Luton,Bournemouth,2024-04-06T14:00:00Z,FALSE,Bournemouth,12,18,1055,1020,1090
650,Tyler Onyango,44,MID,Everton,Burnley,2024-04-06T14:00:00Z,TRUE,Everton,15,19,1050,1050,1050
389,Tyrell Malacia,43,DEF,Man Utd,Liverpool,2024-04-07T14:30:00Z,TRUE,Man Utd,7,3,1370,1350,1390
272,Tyrese Francois,44,MID,Fulham,Newcastle,2024-04-06T14:00:00Z,TRUE,Fulham,11,6,1280,1210,1355
234,Tyrick Mitchell,45,DEF,Crystal Palace,Man City,2024-04-06T11:30:00Z,TRUE,Crystal Palace,16,1,1365,1360,1370
51,Tyrone Mings,41,DEF,Aston Villa,Brentford,2024-04-06T14:00:00Z,TRUE,Aston Villa,4,13,1100,1055,1150
733,Valintino Adedokun,40,DEF,Aston Villa,Brentford,2024-04-06T14:00:00Z,FALSE,Brentford,13,4,1160,1140,1180
227,Vicente Guaita,44,GKP,Crystal Palace,Man City,2024-04-06T11:30:00Z,TRUE,Crystal Palace,16,1,1365,1360,1370
182,Victor da Silva,44,DEF,Everton,Burnley,2024-04-06T14:00:00Z,FALSE,Burnley,19,15,1095,1125,1065
57,Viljami Sinisalo,40,GKP,Aston Villa,Brentford,2024-04-06T14:00:00Z,TRUE,Aston Villa,4,13,1100,1055,1150
752,Vincent Angelini,40,GKP,Aston Villa,Brentford,2024-04-06T14:00:00Z,FALSE,Brentford,13,4,1160,1140,1180
638,Vini de Souza Costa,50,MID,Sheffield Utd,Chelsea,2024-04-07T16:30:00Z,TRUE,Sheffield Utd,20,8,1190,1150,1230
313,Virgil van Dijk,66,DEF,Man Utd,Liverpool,2024-04-07T14:30:00Z,FALSE,Liverpool,3,7,1125,1130,1120
260,Vitalii Mykolenko,46,DEF,Everton,Burnley,2024-04-06T14:00:00Z,TRUE,Everton,15,19,1050,1050,1050
105,Vitaly Janelt,53,MID,Aston Villa,Brentford,2024-04-06T14:00:00Z,FALSE,Brentford,13,4,1160,1140,1180
668,Wataru Endo,54,MID,Man Utd,Liverpool,2024-04-07T14:30:00Z,FALSE,Liverpool,3,7,1125,1130,1120
448,Wayne Hennessey,39,GKP,Spurs,Nott'm Forest,2024-04-07T17:00:00Z,FALSE,Nott'm Forest,17,5,1170,1110,1230
482,Wes Foderingham,45,GKP,Sheffield Utd,Chelsea,2024-04-07T16:30:00Z,TRUE,Sheffield Utd,20,8,1190,1150,1230
201,Wesley Fofana,44,DEF,Sheffield Utd,Chelsea,2024-04-07T16:30:00Z,FALSE,Chelsea,8,20,1030,1045,1020
61,Wesley Moraes Ferreira da Silva,50,FWD,Aston Villa,Brentford,2024-04-06T14:00:00Z,TRUE,Aston Villa,4,13,1100,1055,1150
832,Wesley Okoduwa,40,DEF,Wolves,West Ham,2024-04-06T14:00:00Z,TRUE,Wolves,14,10,1145,1140,1150
229,Will Hughes,49,MID,Crystal Palace,Man City,2024-04-06T11:30:00Z,TRUE,Crystal Palace,16,1,1365,1360,1370
490,William Osula,43,FWD,Sheffield Utd,Chelsea,2024-04-07T16:30:00Z,TRUE,Sheffield Utd,20,8,1190,1150,1230
20,William Saliba,58,DEF,Brighton,Arsenal,2024-04-06T16:30:00Z,FALSE,Arsenal,2,9,1100,1070,1135
591,Willian Borges da Silva,53,MID,Fulham,Newcastle,2024-04-06T14:00:00Z,TRUE,Fulham,11,6,1280,1210,1355
439,Willy Boly,45,DEF,Spurs,Nott'm Forest,2024-04-07T17:00:00Z,FALSE,Nott'm Forest,17,5,1170,1110,1230
766,Willy Kambwala,39,DEF,Man Utd,Liverpool,2024-04-07T14:30:00Z,TRUE,Man Utd,7,3,1370,1350,1390
660,Wilson Odobert,50,MID,Everton,Burnley,2024-04-06T14:00:00Z,FALSE,Burnley,19,15,1095,1125,1065
183,Wout Weghorst,55,FWD,Everton,Burnley,2024-04-06T14:00:00Z,FALSE,Burnley,19,15,1095,1125,1065
754,Yago de Santiago Alonso,45,MID,Spurs,Nott'm Forest,2024-04-07T17:00:00Z,TRUE,Spurs,5,17,1100,1125,1080
124,Yasin Ayari,45,MID,Brighton,Arsenal,2024-04-06T16:30:00Z,TRUE,Brighton,9,2,1365,1370,1360
592,Yasser Larouci,43,DEF,Sheffield Utd,Chelsea,2024-04-07T16:30:00Z,TRUE,Sheffield Utd,20,8,1190,1150,1230
120,Yegor Yarmoliuk,43,MID,Aston Villa,Brentford,2024-04-06T14:00:00Z,FALSE,Brentford,13,4,1160,1140,1180
788,Yerson Mosquera,40,DEF,Wolves,West Ham,2024-04-06T14:00:00Z,TRUE,Wolves,14,10,1145,1140,1150
119,Yoane Wissa,57,FWD,Aston Villa,Brentford,2024-04-06T14:00:00Z,FALSE,Brentford,13,4,1160,1140,1180
58,Youri Tielemans,56,MID,Aston Villa,Brentford,2024-04-06T14:00:00Z,TRUE,Aston Villa,4,13,1100,1055,1150
645,Youssef Ramalho Chermiti,48,FWD,Everton,Burnley,2024-04-06T14:00:00Z,TRUE,Everton,15,19,1050,1050,1050
493,Yves Bissouma,50,MID,Spurs,Nott'm Forest,2024-04-07T17:00:00Z,TRUE,Spurs,5,17,1100,1125,1080
734,Zack Nelson,45,MID,Luton,Bournemouth,2024-04-06T14:00:00Z,TRUE,Luton,18,12,1100,1130,1075
367,Zack Steffen,39,GKP,Crystal Palace,Man City,2024-04-06T11:30:00Z,FALSE,Man City,1,16,1070,1080,1060
594,Zeki Amdouni,52,FWD,Everton,Burnley,2024-04-06T14:00:00Z,FALSE,Burnley,19,15,1095,1125,1065
